desc_mun,est_socio,factor,sexo_jefe,tot_integ,ocupados,ingtrab,percep_ing,menores,p12_64,p65mas,transporte,publico,gasto_mon
Merida,3,293,2,4,0,0,3,0,2,2,2837.02,0,11798.89
Merida,3,293,2,5,3,28467.36,5,0,4,1,26857.57,7328.54,110653.03
Merida,3,293,2,2,1,24089.66,2,0,1,1,1352.04,771.4,60376.39
Merida,3,120,1,1,0,0,1,0,0,1,6770.45,4859.98,362697.85
Merida,3,289,1,5,2,295.08,3,0,3,2,9904.9,0,44921.61
Merida,3,289,2,3,1,53360.65,1,2,1,0,6600,0,48278.37
Merida,3,289,1,1,1,27786.87,1,0,1,0,6300,0,25958.4
Merida,3,289,1,6,3,61475.38,5,1,2,3,14976.51,1825.7,53639.2
Merida,3,233,2,4,2,18489.11,3,1,3,0,4505.65,1697.1,19809
Merida,3,233,2,4,1,25754.63,4,0,1,3,3334.93,482.12,22192.51
Merida,3,305,1,6,4,144409.69,5,1,5,0,31315.14,899.99,101575.86
Merida,3,305,2,2,1,29834.25,2,0,2,0,10656.76,0,51185.15
Merida,3,305,1,4,3,104949.56,3,1,3,0,22800.8,0,47134.66
Merida,3,310,1,3,2,57531.47,2,1,2,0,4312.07,205.71,44726.94
Merida,3,310,2,3,2,52149.85,3,0,2,1,3740.3,0,37587.87
Merida,3,310,1,2,0,0,1,0,1,1,3779.89,0,20517.05
Merida,3,310,2,3,1,4182.05,3,0,1,2,290.32,0,14496.06
Merida,3,310,2,2,2,38653.5,2,0,1,1,2822.06,411.42,25099.89
Merida,2,332,1,1,1,29229.45,1,0,1,0,3658.84,2468.52,16536.61
Merida,2,332,1,1,1,23478.26,1,0,1,0,580.64,0,7372.62
Merida,2,332,1,6,3,64711.93,3,1,5,0,3551.61,0,35099.84
Merida,2,278,2,5,1,54708.54,3,2,2,1,5738.22,1594.26,38715.95
Merida,2,278,1,1,1,72596.67,1,0,1,0,24785.07,1902.82,62169.66
Merida,2,278,1,4,1,50668.49,1,2,2,0,7156.45,0,33965.42
Merida,2,278,1,2,2,18546.94,2,0,2,0,3518.53,2468.53,20837.67
Merida,3,280,1,2,1,16246.33,2,0,1,1,5846.1,2057.1,24910.12
Merida,3,280,1,3,2,49691.77,3,0,3,0,7238.55,1028.55,59038.06
Merida,3,280,1,3,1,45245.88,2,0,2,1,25211.05,0,73651.94
Merida,3,280,1,3,3,37411.45,2,0,3,0,3218.42,102.85,38156.79
Merida,3,280,1,2,0,0,2,0,0,2,6600.34,0,11461.88
Merida,3,251,1,1,0,0,1,0,1,0,2100,0,19006.46
Merida,3,251,1,2,0,0,2,0,0,2,27986.06,0,60349.27
Merida,3,251,1,1,1,90983.6,1,0,1,0,38169.19,0,99765.93
Merida,3,251,1,4,3,53114.73,3,0,3,1,7637.04,4937.04,22150.11
Merida,3,251,2,2,1,33098.33,2,0,1,1,3049.18,0,18092.67
Merida,3,329,2,2,2,67989.11,2,0,2,0,11211.28,0,30973.36
Merida,3,329,2,2,1,106141.3,1,1,1,0,6833.46,2352.82,25215.44
Merida,3,329,2,4,3,73509.26,3,1,3,0,4383.87,0,17529.89
Merida,2,177,2,2,1,19565.21,2,0,1,1,3561.29,0,22580.19
Merida,2,177,1,1,1,15290.21,1,0,1,0,0,0,15237.13
Merida,2,177,1,1,1,14722.82,1,0,1,0,0,0,15381.81
Merida,2,177,2,1,0,0,1,0,0,1,2202.84,822.84,12349.71
Merida,2,259,2,3,2,19352.45,1,0,3,0,5262.83,1812.83,24566.2
Merida,2,259,1,2,0,0,2,0,0,2,3886.66,0,25345.47
Merida,2,259,1,1,0,0,1,0,0,1,19236.88,0,81488.82
Merida,2,259,1,3,2,36663.9,3,0,3,0,7565.48,5438.48,39215.88
Merida,2,259,1,1,1,37647.48,1,0,1,0,6609.83,0,24641.68
Merida,2,340,1,4,2,105245.88,2,2,2,0,15426.62,1851.39,46029.09
Merida,2,340,1,5,3,36044.25,3,1,4,0,4062.81,2262.81,33008.76
Merida,2,340,1,4,3,113286.84,3,0,4,0,31460.51,8279.91,74750.29
Merida,2,340,1,2,2,51968.83,2,0,2,0,12133.26,0,27489.02
Merida,3,293,1,8,5,50893.98,5,2,6,0,9401.04,1234.26,54918.97
Merida,3,293,1,2,2,35070.64,2,0,2,0,12679.93,0,49963.38
Merida,3,293,1,4,4,106141.27,4,0,4,0,20416.25,4114.23,58729.75
Merida,3,293,2,1,1,4953.42,1,0,1,0,393.17,102.85,10727.25
Merida,3,293,1,4,2,32256.67,4,1,3,0,3768.64,192.84,36855.98
Merida,2,275,1,2,1,11739.13,2,0,0,2,1790.32,0,10901.99
Merida,2,275,1,2,2,34190.19,2,0,2,0,3413.22,0,26451.87
Merida,2,275,1,4,1,44999.99,1,2,2,0,12492.99,0,43589.04
Merida,2,275,1,1,1,33700.97,1,0,1,0,1952.06,771.42,14488.24
Merida,2,275,2,2,0,0,2,0,1,1,0,0,10254.93
Merida,3,281,1,5,1,107902.16,2,2,3,0,11129.29,1041.41,82843.29
Merida,3,281,2,2,1,4382.6,2,0,2,0,2100,0,9673.4
Merida,3,281,1,3,1,25923.91,1,0,3,0,5861.31,1639.25,29290.05
Merida,3,281,1,6,3,67996.78,4,1,4,1,14348.62,2931.3,56790.19
Merida,3,281,2,3,1,24211.95,3,0,2,1,6205.15,0,51969.07
Merida,3,281,1,5,1,18586.94,1,0,4,1,6966.37,5271.37,17823.79
Merida,3,282,2,6,3,56801.01,3,3,3,0,5934.65,1542.85,55955.34
Merida,3,282,1,2,1,25081.95,1,0,2,0,13198.51,0,65363.99
Merida,3,282,1,8,3,55942.59,3,3,5,0,4637.11,1337.11,36307.62
Merida,3,282,1,5,3,49278.66,4,0,4,1,4500,0,25352.43
Merida,3,282,1,4,2,56606.53,4,0,4,0,2828.55,1028.55,31056.54
Merida,2,300,1,2,1,12521.72,2,0,2,0,1488.09,617.13,9141.25
Merida,2,300,2,1,1,1423.36,1,0,0,1,0,0,2244.38
Merida,2,300,2,3,2,32216.88,2,0,3,0,5433.11,5142.79,17766.57
Merida,2,298,1,2,0,0,2,0,0,2,1457.32,0,25595.61
Merida,2,298,1,1,1,70336.94,1,0,1,0,1609.19,1028.55,51217.67
Merida,2,298,1,4,1,46614.11,4,1,1,2,6461.51,0,51603.33
Merida,3,286,2,2,1,11739.13,2,0,1,1,459.93,372.84,5012.77
Merida,3,286,2,2,0,0,1,0,1,1,10904.1,7817.1,37314.17
Merida,3,286,1,6,3,44559.75,3,2,4,0,4241.71,1851.39,36743.68
Merida,3,286,2,3,2,35642.4,3,0,1,2,0,0,31592.68
Merida,2,244,1,7,6,173627.36,7,1,6,0,67423.22,0,197784.68
Merida,2,244,2,8,4,32802.25,8,4,3,1,8493.78,4692.78,119853.73
Merida,2,244,1,1,1,21393.43,1,0,1,0,2718.93,771.39,13507.8
Merida,2,244,1,2,2,28499.98,2,0,2,0,3728.55,1028.55,27603.83
Merida,2,244,1,3,2,35996.37,3,0,2,1,22050.92,578.55,92780.83
Merida,2,347,2,4,2,37910.34,2,2,2,0,4324.27,1234.27,52406.72
Merida,2,347,2,1,0,0,1,0,0,1,0,0,4127.65
Merida,3,285,1,4,0,0,2,0,3,1,11356.45,0,39897.63
Merida,3,285,2,4,2,36198.88,3,1,3,0,14301.1,3464.98,53338.94
Merida,3,285,1,4,1,47486.17,3,0,4,0,21310.3,0,52714.13
Merida,3,285,2,2,1,5892.25,1,0,2,0,580.64,0,5494.12
Merida,3,285,1,1,1,34797.17,1,0,1,0,53846.62,0,61864.27
Merida,3,285,2,4,1,30082.85,3,0,4,0,7016.92,1028.55,34471.94
Merida,3,284,1,5,2,29347.82,3,1,4,0,6203.22,0,59583.06
Merida,3,284,1,3,2,157597.8,2,0,3,0,6470.2,0,83667.63
Merida,3,284,1,7,2,50624.99,2,3,4,0,8879.21,3072.77,47488.95
Merida,3,284,2,1,0,0,1,0,0,1,1028.57,1028.57,6025.43
Merida,2,296,2,2,0,0,2,0,0,2,857.32,0,20797
Merida,2,296,1,5,2,143452.99,2,3,2,0,10246.45,0,68006.03
Merida,2,296,1,3,2,106906.06,2,0,3,0,16289.95,0,86842.58
Merida,2,296,1,2,0,0,2,0,0,2,2190,0,22786.61
Merida,2,266,1,6,3,61231.76,4,1,5,0,5740.39,4242.81,41985.32
Merida,2,266,2,3,1,17682.05,1,1,2,0,10235.4,9231.37,31520.31
Merida,2,266,2,4,3,82149.36,3,0,4,0,11755.23,6171.36,34761.39
Merida,2,266,1,6,2,59429.33,4,0,4,2,7472.74,2879.94,31068.44
Merida,2,266,1,2,0,0,2,0,0,2,6076.1,514.28,41975.18
Merida,2,305,1,1,1,16721.31,1,0,1,0,5455.69,3805.69,22334.94
Merida,2,305,1,4,1,50409.82,1,2,2,0,4615.69,2185.69,27294.85
Merida,2,305,2,1,1,270.49,1,0,0,1,0,0,6059.02
Merida,2,305,1,5,3,77950.78,3,1,4,0,3407.08,2507.08,41008.37
Merida,2,305,1,6,3,28386.86,3,1,5,0,2425.68,1735.68,28239.99
Merida,3,302,2,2,1,54934.4,2,0,1,1,6244.23,2674.23,32793.74
Merida,3,302,1,3,2,60161.62,2,0,3,0,7791.36,3291.36,25744.54
Merida,3,302,2,2,1,885.24,2,0,2,0,6204.42,1157.1,54213.27
Merida,3,302,1,2,0,0,1,0,0,2,7200,0,40544.61
Merida,3,302,1,1,1,12544.51,1,0,0,1,2639.97,1439.97,16987.99
Merida,3,302,2,3,1,26399.23,1,1,1,1,7906.72,0,21408.38
Merida,2,346,2,3,1,38360.64,3,0,1,2,10788.42,2571.42,46749.24
Merida,2,346,1,1,1,1957.37,1,0,0,1,3481.26,2314.26,50494.09
Merida,2,346,1,5,1,48656.55,1,2,3,0,8547,0,50770.47
Merida,2,346,2,1,0,0,1,0,0,1,17430.93,0,73998.09
Merida,2,346,2,7,3,132393.42,6,0,5,2,27845.51,3278.51,129590.82
Merida,2,346,2,2,2,35999.99,2,0,2,0,7179.82,4062.82,30040
Merida,2,339,1,1,0,18.09,1,0,1,0,805.7,295.7,7901.1
Merida,2,339,1,2,1,105.65,2,0,0,2,257.12,257.12,4180.63
Merida,2,339,1,2,1,23331.51,2,0,2,0,13814.16,1928.55,75113.53
Merida,2,339,1,1,1,209548.36,1,0,1,0,25198.85,0,165332.13
Merida,2,339,2,1,0,0,1,0,0,1,64.28,64.28,5064.94
Merida,2,345,1,3,3,26755.42,3,0,3,0,6620.23,2249.91,33852.35
Merida,2,345,2,2,2,32404.88,2,0,1,1,6104.51,0,23177.2
Merida,2,345,2,3,3,50128.01,3,0,2,1,7823.61,5785.65,22671.34
Merida,2,345,1,4,1,29347.82,1,2,2,0,804.6,514.28,14193.4
Merida,2,345,1,4,2,51383.13,3,1,3,0,3822.29,1607.13,33789.3
Merida,2,345,1,4,2,23991.84,2,2,0,2,4740.58,449.99,29202.83
Merida,2,345,1,4,1,24211.95,2,0,4,0,4833.86,0,46525.42
Merida,2,345,1,6,3,68307.04,4,2,3,1,10422.22,1285.71,43496.44
Merida,2,345,1,2,0,0,2,0,1,1,10949.99,0,39857.24
Merida,3,338,1,1,1,811.47,1,0,0,1,1885.7,1285.7,9968.46
Merida,3,338,1,4,2,64672.1,2,0,4,0,13259.87,3059.87,41448.72
Merida,3,338,1,5,1,36477.04,3,1,2,2,1767,0,19770.97
Merida,3,338,1,3,2,57049.15,2,0,3,0,13156.27,462.84,49964.49
Merida,2,360,1,1,0,0,1,0,0,1,8310.65,0,44931.54
Merida,2,360,1,2,2,8612.6,2,0,0,2,825.2,0,13333.48
Merida,2,360,1,3,2,32062.48,2,0,3,0,3545.19,2674.23,25417.15
Merida,2,360,1,5,2,28956.5,2,2,3,0,2758.06,0,44156.69
Merida,2,360,2,2,0,0,1,0,2,0,145.16,0,1210.21
Merida,2,375,1,6,2,36836.05,3,2,3,1,3989.99,899.99,35454.18
Merida,2,375,1,1,1,150.98,1,0,0,1,120,0,5424.92
Merida,2,375,1,8,4,58475.36,6,1,5,2,12685.6,3085.6,34781.83
Merida,2,375,1,1,1,16657.37,1,0,1,0,600,0,14273.39
Merida,2,375,1,1,1,29114.74,1,0,1,0,600,0,25826.9
Merida,2,346,2,2,0,771.42,2,0,2,0,3641.71,2211.39,15651.68
Merida,2,346,1,4,1,96847.8,1,0,4,0,10504.8,4499.97,54890.3
Merida,2,346,1,3,2,81611.38,2,1,2,0,8311.17,2031.41,39802.29
Merida,2,346,1,2,2,28320.63,1,0,2,0,835.26,205.71,16563.51
Merida,2,346,2,2,2,26647.82,2,0,1,1,2136.33,1555.69,30877.29
Merida,2,346,1,3,2,65788.03,2,0,3,0,6875.88,1748.55,35789.54
Merida,3,367,1,2,2,46222.81,2,0,2,0,1930.64,0,20215.43
Merida,3,367,1,2,0,0,2,0,0,2,411.42,411.42,16831.67
Merida,3,367,1,3,1,28369.56,2,1,1,1,3610.06,784.26,29603.5
Merida,3,367,2,6,3,25770.17,4,2,4,0,4220.04,257.14,31341.49
Merida,3,367,1,4,1,90978.25,1,0,4,0,17232.63,4821.35,62709.18
Merida,3,345,1,6,2,99650.5,4,2,2,2,7502.58,617.1,58883.02
Merida,3,345,1,2,0,0,2,0,1,1,4449.4,771.4,26865.7
Merida,3,345,1,3,2,39864.11,2,0,3,0,4268.99,0,35329.21
Merida,3,345,2,2,2,38621.68,2,0,2,0,4853.34,3111.41,32592.79
Merida,3,345,1,4,1,26168.47,2,1,2,1,2229.74,482.1,24718.4
Merida,3,357,2,5,2,46418.44,3,1,4,0,7551.76,2262.81,52778.16
Merida,3,357,1,3,2,37451.71,2,0,3,0,5578.35,3818.49,28455.33
Merida,3,357,2,5,4,109241.36,4,0,4,1,15105.88,12239.92,75477.34
Merida,3,357,2,3,2,67793.43,2,1,2,0,4255.53,1594.24,37729.27
Merida,3,357,1,5,2,33107.08,3,1,3,1,6299.12,2031.39,45556.8
Merida,3,291,2,2,0,0,2,0,1,1,2262.84,462.84,11817.51
Merida,3,291,1,3,2,32645.88,3,0,3,0,11474.3,8228.4,40714.38
Merida,3,291,2,1,1,209754.08,1,0,1,0,23540.63,0,80041.09
Merida,3,291,1,2,2,71999.98,2,0,2,0,5722.62,0,56492.55
Merida,4,347,2,3,2,28434.58,2,1,2,0,8577,0,54110.62
Merida,4,347,2,3,2,5690.15,3,1,2,0,5603.8,0,30194.46
Merida,4,347,2,1,0,0,1,0,0,1,8742.84,5142.84,44852.8
Merida,4,347,1,4,3,50877,4,0,4,0,7860.19,0,26407.8
Merida,4,295,2,1,1,67868.84,1,0,1,0,16825.56,0,312326.19
Merida,4,295,1,2,2,0,2,0,0,2,8048.34,0,95534.3
Merida,4,295,1,2,2,49169.74,2,0,2,0,23700,0,45244.77
Merida,4,295,2,4,2,34303.26,3,0,4,0,23310.49,0,77275.7
Merida,4,348,1,1,1,0,0,0,1,0,24321.85,4499.99,93037.35
Merida,4,348,2,1,0,0,1,0,1,0,11046.13,0,72772.49
Merida,4,348,1,3,2,25434.78,2,0,3,0,30425.8,0,84909.52
Merida,4,348,1,3,0,0,2,0,1,2,6416.12,0,21339.2
Merida,4,348,2,2,0,0,1,0,1,1,11670.96,0,20568.96
Merida,4,430,2,2,0,0,1,0,0,2,4970.22,0,12423.27
Merida,4,430,1,4,2,19076.08,3,0,2,2,28519.35,0,73434.21
Merida,4,430,1,2,0,0,2,0,0,2,8999.99,0,53683.18
Merida,4,430,1,2,0,0,1,0,1,1,7054.83,0,20775.73
Merida,4,359,2,1,0,0,1,0,0,1,0,0,9608.23
Merida,4,359,2,2,2,21570.65,2,0,2,0,2670,0,21869.03
Merida,4,376,2,2,2,94327.85,2,0,2,0,18560.79,205.71,59026.1
Merida,4,376,1,1,1,41557.37,1,0,1,0,600,0,26397.84
Merida,4,376,1,1,1,38360.64,1,0,1,0,2400,0,42631.15
Merida,2,342,2,2,2,30619.87,2,0,2,0,5807.07,3857.07,38040.09
Merida,2,342,1,4,4,62729.66,3,0,4,0,3469.35,0,25582.08
Merida,2,342,1,4,3,11858.59,4,0,2,2,2886.17,1144.24,19515.19
Merida,2,342,2,3,1,33827.02,3,1,2,0,3966.35,205.71,23644.37
Merida,3,367,1,4,1,21399.44,2,0,4,0,3810.93,1439.97,36218.38
Merida,3,367,1,2,2,38061.3,2,0,2,0,5341.3,0,45566.54
Merida,3,367,1,3,1,33505.42,1,1,2,0,2230.64,0,22413.46
Merida,3,367,1,7,4,49199.64,4,3,4,0,22975.87,0,83137.38
Merida,3,367,1,1,1,29959.23,1,0,1,0,11062.55,0,29513.75
Merida,3,367,2,2,1,24456.52,2,0,1,1,10942.09,848.56,61616.92
Merida,2,339,2,4,1,28980.97,1,2,2,0,4896.04,1542.82,26948.9
Merida,2,339,1,3,2,35491.28,3,0,3,0,11264.51,0,45936.52
Merida,2,339,1,4,3,32155.43,2,0,4,0,11466.22,8935.58,45659.38
Merida,2,339,1,2,2,6984.77,2,0,2,0,3590.09,964.26,27281.03
Merida,2,339,1,1,1,17858.14,1,0,1,0,1923.62,1157.12,22950.58
Merida,2,370,1,2,1,10819.67,1,0,1,1,1710.76,771.42,25826.52
Merida,2,370,2,1,0,0,1,0,0,1,792.85,642.85,11027.34
Merida,2,370,1,2,1,7863.93,2,0,2,0,1307.13,1157.13,7735.7
Merida,2,370,1,4,2,23675.39,2,1,3,0,2051.84,1092.83,17884.35
Merida,2,370,1,5,2,27775.56,2,3,2,0,2798.36,0,22900.84
Merida,2,370,1,1,1,27732.78,1,0,1,0,4500,0,28823.07
Merida,2,370,1,2,1,22869.54,1,0,2,0,3424.26,2134.26,16887.12
Merida,2,384,1,3,3,32606.53,3,0,3,0,12239.97,1439.97,34254.15
Merida,2,384,1,3,2,24494.08,3,0,3,0,5746.11,1697.1,24021.59
Merida,2,384,2,2,1,18836.05,2,0,2,0,3240,0,23153.43
Merida,2,384,1,3,2,52893.41,2,0,3,0,7551.69,822.84,26481.49
Merida,2,384,1,4,2,21540.96,3,1,3,0,4787.11,1787.11,48243.98
Merida,3,381,1,3,2,9770.7,3,0,1,2,4150.69,0,21621.12
Merida,3,381,1,2,2,27397.78,2,0,2,0,25495.4,3599.96,59890.34
Merida,3,381,2,3,2,67127.06,3,0,3,0,64096.73,0,110479.19
Merida,3,381,1,2,2,86262.59,2,0,2,0,20124.87,0,58435.59
Merida,3,381,1,12,6,74685.03,7,5,5,2,9613.6,8228.4,48659.3
Merida,2,388,2,2,1,62715.19,2,0,1,1,3051.83,385.71,46806.64
Merida,2,388,1,8,4,59641.56,4,1,7,0,9255.39,0,47089.42
Merida,2,388,1,4,2,35535.29,2,2,2,0,5314.42,3857.1,20886.26
Merida,2,388,1,2,2,52630.43,1,0,2,0,2380.64,0,20709.63
Merida,2,388,1,2,1,23184.75,1,0,2,0,4209.67,0,16599.97
Merida,3,312,2,2,0,0,2,0,0,2,4437.68,0,19604.63
Merida,3,312,2,2,2,34964.42,2,0,2,0,8062.62,1645.68,93924.76
Merida,3,312,1,5,2,43997.26,3,1,4,0,2397.96,0,42747.73
Merida,4,420,2,3,3,108606.51,3,0,3,0,13548.38,0,38395.09
Merida,4,420,2,3,3,139915.74,3,0,3,0,13886.73,308.56,101936.98
Merida,4,420,2,1,1,23083.44,1,0,1,0,4739.6,2365.69,27998.35
Merida,3,330,2,1,0,0,1,0,1,0,1800,0,6049.92
Merida,3,330,2,2,1,60737.69,1,0,2,0,8395.83,411.41,50091.61
Merida,3,330,2,4,2,34220.28,3,0,3,1,805.71,205.71,16278.39
Merida,3,330,1,3,2,86649.38,2,1,2,0,7795.69,2545.69,74649.19
Merida,2,319,1,1,1,8217.39,1,0,1,0,290.32,0,21612.48
Merida,2,319,1,3,1,18342.38,1,1,2,0,1221.83,205.71,8326.98
Merida,2,319,1,6,3,45684.76,3,2,4,0,3432.35,2879.94,25742.24
Merida,2,319,1,6,2,11915.21,2,3,3,0,8170.88,0,58782.57
Merida,2,344,1,4,1,32282.6,1,2,2,0,1780.64,0,26457.02
Merida,2,344,2,2,1,0,2,0,1,1,7621.84,1234.26,28529.47
Merida,2,344,1,7,1,31793.47,4,1,6,0,13703.77,2057.1,82685.36
Merida,2,344,1,2,0,0,2,0,1,1,4167.58,0,18455.75
Merida,2,344,2,1,0,0,1,0,0,1,0,0,3234.55
Merida,2,344,1,6,3,97239.11,3,2,4,0,10278.78,4114.27,48097.11
Merida,3,344,1,4,3,49426.2,3,0,4,0,16650,0,55093.67
Merida,3,344,2,4,0,0,3,0,4,0,15295.08,0,120852.54
Merida,3,344,2,4,3,31278.67,4,0,4,0,4478.54,1928.54,32362.3
Merida,3,344,2,6,2,36885.22,4,0,5,1,6694.24,2494.24,40504.72
Merida,3,344,1,3,2,21147.53,2,1,1,1,2400,0,26389.24
Merida,3,319,1,4,3,58133.11,4,0,4,0,4551.13,1028.55,44328.96
Merida,3,319,1,11,4,61874.95,5,3,7,1,15967,0,76758.44
Merida,3,319,2,1,0,0,1,0,1,0,2300.32,0,21947
Merida,3,319,1,4,2,19785.29,4,1,3,0,3505.66,2455.66,15440.99
Merida,4,283,1,4,1,54198.88,3,0,2,2,27840.1,0,135276.86
Merida,4,283,2,1,0,0,1,0,0,1,7651.83,0,36517.51
Merida,4,283,2,1,1,0,1,0,0,1,8404.54,0,43250.06
Merida,3,318,1,2,1,19296.19,2,0,2,0,3678.08,2057.12,28588.34
Merida,3,318,2,1,0,0,1,0,0,1,583.79,0,7600.26
Merida,3,290,2,1,0,308.84,1,0,0,1,1302.84,552.84,11473.91
Merida,3,290,1,1,1,84619.56,1,0,1,0,11698.28,4924.25,84918
Merida,3,323,2,1,0,491.8,1,0,0,1,3086.98,1439.98,8716.52
Merida,3,323,1,1,1,5999.99,1,0,0,1,1566,0,3235.3
Merida,3,323,1,5,2,153759.29,3,1,4,0,21410.64,0,132940.25
Merida,3,323,1,2,1,33923.69,1,0,2,0,1105.7,205.7,19992.35
Merida,3,320,1,1,1,18073.35,1,0,1,0,6949.21,0,43983.68
Merida,3,320,1,2,1,13695.64,2,0,0,2,1739.06,411.42,21564.28
Merida,3,320,1,3,1,38831.3,3,0,3,0,9349.76,411.42,66317.7
Merida,3,310,1,2,2,44951.65,2,0,2,0,5069.67,2481.36,29775.53
Merida,3,310,1,4,1,44875.68,1,1,3,0,8785.61,0,41300.35
Merida,3,277,2,2,2,31949.99,2,0,2,0,5253.13,2314.26,11610.2
Merida,3,277,1,5,3,15603.25,3,2,2,1,9504.03,0,55402.31
Merida,3,277,2,3,1,7278.26,2,1,1,1,10023.86,0,35572.51
Merida,3,277,1,2,1,35217.39,2,0,0,2,2700,0,40983.89
Merida,3,277,1,2,0,0,2,0,0,2,6350.99,0,60610.15
Merida,3,374,2,3,0,0,1,0,3,0,10699.13,0,64002.46
Merida,3,374,1,2,1,2695.07,1,0,2,0,0,0,9719.61
Merida,3,374,1,1,1,30334.4,1,0,1,0,2974.23,2674.23,20164.29
Merida,3,374,1,2,2,16165.56,2,0,2,0,4312.68,1645.68,15585.85
Merida,3,374,1,1,1,18909.82,1,0,1,0,450,0,11856.06
Merida,3,374,2,2,1,13770.49,1,0,2,0,10223.31,0,65023.72
Merida,4,395,1,2,0,0,2,0,0,2,7646.5,0,33278.99
Merida,4,395,1,3,1,91711.94,1,0,3,0,21198.54,1285.7,59921.88
Merida,4,395,1,4,1,58695.65,1,2,2,0,17012.9,0,64033.45
Merida,4,395,1,4,2,29709.77,3,0,4,0,5231.51,0,41236.22
Merida,4,403,1,3,2,4918.03,3,0,3,0,17743.62,0,89653.21
Merida,4,403,1,3,1,0,3,0,2,1,5850,0,30946.68
Merida,4,403,1,2,1,333196.7,1,0,2,0,31402.62,0,141717.02
Merida,4,403,1,2,0,0,2,0,0,2,11301,0,63476.07
Merida,4,411,1,3,1,61475.4,1,1,2,0,6840,0,69842.21
Merida,4,411,1,3,2,102387.53,3,0,3,0,13619.98,719.98,45670.09
Merida,4,411,1,2,2,31008.66,2,0,2,0,20851.21,0,104509.84
Merida,4,363,1,4,3,0,1,0,4,0,18821.11,205.71,118526.58
Merida,4,363,2,1,0,0,1,0,0,1,1814.9,1234.26,28384.11
Merida,4,363,1,1,1,29347.81,1,0,1,0,1964.51,0,37547.91
Merida,4,363,2,2,1,13620.31,2,0,1,1,2137.46,797.14,34292.89
Merida,4,363,2,2,1,41227.36,2,0,2,0,5894.9,3214.26,40536.4
Merida,4,330,1,2,0,0,2,0,0,2,5303.22,0,66637.27
Merida,4,330,1,5,2,164836.94,2,0,5,0,26622.58,0,112651.49
Merida,4,330,1,2,0,0,2,0,2,0,11169.67,0,32804.86
Merida,4,330,1,4,3,119836.93,4,0,2,2,9693.4,0,39777.09
Merida,4,330,1,2,1,0,2,0,1,1,15407.63,0,140291.97
Merida,4,377,2,1,1,0,1,0,0,1,186079.55,0,247355.11
Merida,4,377,1,3,0,0,1,0,2,1,23900.15,0,219255.19
Merida,4,377,1,2,0,0,2,0,0,2,6337.25,0,39433.23
Merida,3,331,1,3,3,87614.71,3,0,3,0,19902.09,514.28,67662.9
Merida,3,315,1,3,2,35559.75,3,0,1,2,12887.36,0,90628.16
Merida,3,315,1,3,3,54922.61,3,0,3,0,9217.61,0,38622.6
Merida,3,315,1,3,1,49402.17,3,0,1,2,7744.86,0,53423.78
Merida,3,327,2,6,4,93570.59,6,0,6,0,14562.64,3689.9,83818.22
Merida,3,327,1,3,2,19772.11,1,0,2,1,23962.33,1028.55,39599.86
Merida,3,327,2,2,0,0,2,0,1,1,9167.3,0,37422.92
Merida,2,354,1,4,2,19475.4,2,2,2,0,360,0,29709.03
Merida,2,354,1,3,3,82622.93,3,0,3,0,18260.6,0,57073.18
Merida,2,354,1,3,2,74754.09,2,0,3,0,13023,0,50894.7
Merida,2,408,1,3,2,71294.23,2,0,3,0,12524.89,1234.26,45567.76
Merida,2,408,1,4,1,25019,1,1,3,0,5452.8,2346.36,28528.05
Merida,2,408,1,2,1,15260.86,1,0,2,0,2501.38,192.85,20039.27
Merida,2,408,1,2,1,14673.91,2,0,2,0,3329.74,1028.56,47840.48
Merida,2,364,1,4,2,15762.41,2,1,3,0,3304.12,642.84,24370.63
Merida,2,364,1,1,0,0,1,0,1,0,8423.8,5785.71,27212.42
Merida,2,364,1,4,2,13962.42,2,1,3,0,3168.3,0,23005.17
Merida,2,364,1,3,1,25255.35,1,0,3,0,7176.3,4499.95,30321.6
Merida,2,364,1,6,3,34955.76,3,2,4,0,8412,6814.21,17544.73
Merida,2,364,2,2,1,22755.27,2,0,1,1,1395.94,0,17785.43
Merida,2,371,1,6,3,46582.61,4,1,4,1,8083.74,5142.78,52740.88
Merida,2,371,1,4,1,53614.55,2,1,3,0,4836.32,1555.68,74089.51
Merida,2,371,1,1,0,9782.6,1,0,0,1,221.87,192.84,10035.88
Merida,2,371,1,1,1,0,1,0,1,0,1945.62,308.57,19889.06
Merida,2,371,1,6,2,54232.53,4,2,4,0,10424.14,3471.39,43052.46
Merida,2,371,1,4,4,72796.5,4,0,4,0,5202.64,2121.35,48969.47
Merida,2,350,1,2,2,57245.87,2,0,2,0,5875.67,3625.67,38875.53
Merida,2,350,1,4,1,29970.48,1,1,3,0,3017.13,617.13,40240.98
Merida,2,350,2,6,3,65154.07,3,1,5,0,11554.26,1954.26,44892.58
Merida,2,350,1,5,1,0,1,3,2,0,4060,0,31563.81
Merida,2,350,1,1,1,32803.26,1,0,1,0,600,0,34478.69
Merida,2,350,1,5,3,23144.25,3,0,5,0,15300,0,67062.35
Merida,3,346,1,3,1,49891.3,3,0,2,1,11200.64,0,36934.39
Merida,3,346,2,4,2,200054.32,4,0,2,2,39668.16,0,124622.24
Merida,3,352,1,2,0,0,1,0,1,1,16187.2,0,67902.32
Merida,3,340,1,5,3,53664.55,3,0,5,0,7146.38,2314.21,34370.07
Merida,3,340,1,2,2,20543.47,2,0,2,0,4983.86,0,17854.72
Merida,3,340,1,1,0,0,1,0,0,1,35001.23,0,47143.73
Merida,3,340,1,2,2,77488.01,2,0,2,0,6973.52,771.4,24169.44
Merida,2,433,1,4,2,66575.37,3,2,2,0,3066.41,816.41,32589.48
Merida,2,433,2,6,4,23473.71,3,1,4,1,1073.54,1073.54,52579.93
Merida,2,433,1,2,1,19555.55,2,0,1,1,2095.08,0,21872.55
Merida,2,322,1,1,1,220.1,1,0,1,0,0,0,2172.83
Merida,2,322,2,1,1,89875.59,1,0,1,0,8749.74,7714.26,31059.44
Merida,2,322,1,2,1,31891.3,2,0,2,0,5758.05,0,23348.92
Merida,2,322,2,1,1,14824.11,1,0,0,1,2171.74,231.42,4807.38
Merida,2,380,2,3,1,55614.11,3,1,2,0,7098.96,822.84,52366.25
Merida,2,380,2,1,1,4935.81,1,0,1,0,890.32,0,12402.92
Merida,2,380,1,4,2,55399.2,3,1,3,0,11984.47,5039.96,58567.58
Merida,2,380,2,5,2,83885.82,2,2,3,0,62064.26,0,125772.58
Merida,2,380,1,3,2,52826.08,2,1,2,0,290.32,0,22485.67
Merida,3,316,2,2,2,52309.36,2,0,2,0,4070.21,0,63792.12
Merida,3,316,2,1,1,13802.32,1,0,0,1,1320,0,19758.3
Merida,3,316,2,3,2,48830.77,3,0,3,0,2867.51,1851.39,22130.59
Merida,3,316,1,3,2,65635.34,2,1,2,0,13102.75,0,46016.65
Merida,3,355,2,6,1,16972.81,4,0,4,2,5857.75,771.4,19353.18
Merida,3,355,2,7,3,30448.34,4,0,6,1,11248.47,964.25,66254.1
Merida,3,355,1,3,1,11934.78,3,0,3,0,3089.84,1928.55,34240.34
Merida,3,355,1,3,2,40560.32,3,0,2,1,6451.18,4924.18,34787.94
Merida,3,355,1,6,3,90287.98,3,2,4,0,7452.79,3522.79,41227.2
Merida,3,355,2,5,2,45021.93,3,1,4,0,11844.08,7405.56,51330.42
Merida,3,355,1,5,4,88894.39,4,0,5,0,7521.36,3831.36,31180.95
Merida,3,355,2,4,1,40573.75,2,1,3,0,5969.99,179.99,31791.12
Merida,3,355,1,4,1,54888.19,2,1,3,0,3494.96,1844.96,28264.41
Merida,3,355,1,4,2,100960.27,2,0,4,0,13616.5,0,50862.52
Merida,3,355,1,5,2,68237.68,3,2,2,1,25306.85,1285.71,50733.22
Merida,2,361,1,3,1,118214.91,3,0,1,2,9347.98,411.42,32981.7
Merida,2,361,2,3,2,156057.02,2,1,2,0,37036.83,1799.99,151811.5
Merida,2,361,2,4,2,14618.63,2,2,2,0,4497.07,0,35565.86
Merida,2,338,1,6,4,144881.65,4,1,5,0,16440,0,97918.43
Merida,2,338,1,3,3,44042.89,3,0,3,0,7700.32,578.52,37617.96
Merida,2,338,2,3,1,22131.14,3,1,2,0,6974.87,6974.87,27436.79
Merida,2,345,2,4,3,37183.62,4,1,3,0,6318,4397.04,32157.83
Merida,2,345,2,5,4,70603.82,3,0,5,0,11351.79,6248.43,57560.02
Merida,2,345,1,2,1,375.65,2,0,0,2,87.09,0,8466.12
Merida,2,345,1,5,2,49439.8,4,2,3,0,2220.96,0,30611.09
Merida,2,347,1,5,2,73115.53,2,2,3,0,13980.64,6685.7,49335.63
Merida,2,347,1,2,1,25920.99,1,0,2,0,4159.87,0,37350.2
Merida,2,347,1,5,1,56389.68,3,0,5,0,5540.87,0,31600.39
Merida,2,347,2,3,2,51403.09,2,0,3,0,4829.53,3953.53,18045.62
Merida,3,399,1,4,2,40279.87,3,0,3,1,12998.5,4371.38,40766.93
Merida,3,399,1,8,5,99712.12,6,1,5,2,20531.26,6557.07,54441.8
Merida,3,399,1,4,2,55438.53,2,0,4,0,7321.61,1607.1,38230.65
Merida,3,399,1,4,3,56323.35,3,0,4,0,12174.96,9218.51,40106.27
Merida,3,399,1,3,1,13695.64,1,0,3,0,6787.55,0,38746.35
Merida,3,399,2,1,1,4367.93,1,0,0,1,4467.71,3137.07,15159.42
Merida,3,319,2,2,0,0,2,0,2,0,4133.48,1542.84,21957.52
Merida,3,319,1,4,2,72162.62,2,2,2,0,13707.25,0,43786.91
Merida,3,319,1,4,2,50722.79,3,0,4,0,14981.02,4114.24,36523.63
Merida,3,319,1,2,2,49695.64,2,0,2,0,6440.84,0,31545.67
Merida,3,319,2,4,2,29445.62,2,1,3,0,5559.48,3188.52,39100.66
Merida,4,357,2,2,1,93934.42,2,0,1,1,10184.2,0,61953.42
Merida,4,357,2,3,1,120550.81,3,0,3,0,11791.68,1028.57,136525.92
Merida,4,453,2,1,0,0,1,0,0,1,14463.26,3021.42,42056.58
Merida,4,453,1,3,2,98999.98,2,0,3,0,1312.16,0,41936.33
Merida,4,453,1,3,1,99048.89,1,1,2,0,6300,0,72882.15
Merida,2,367,1,1,0,97.82,1,0,0,1,82.17,0,7384.19
Merida,2,367,2,3,2,25092.36,2,1,2,0,3164.9,1234.26,34493.88
Merida,2,367,1,4,1,17227.15,1,1,3,0,1451.6,0,52866.05
Merida,3,360,2,3,1,11604.61,2,0,2,1,1182.82,1182.82,10754.74
Merida,3,360,1,5,3,78211.94,3,1,3,1,33299.99,0,74592.59
Merida,3,360,2,5,3,31866.82,3,2,2,1,10456.45,0,45217.34
Merida,3,360,1,3,2,82368.57,2,0,3,0,10977.17,192.85,45774.71
Merida,3,360,1,3,2,15432.05,2,0,3,0,14461.22,2828.5,38989.69
Merida,3,360,2,3,2,28760.84,3,0,2,1,11058.36,2841.36,30011.08
Merida,2,334,2,1,0,0,1,0,0,1,428.56,128.56,6506.89
Merida,2,334,2,6,3,50114.72,5,0,5,1,5785.65,5785.65,31873.66
Merida,2,334,1,1,1,30331.94,1,0,1,0,4268.55,1928.55,37631.73
Merida,2,367,1,6,2,46155.72,2,2,4,0,3450,0,29166.49
Merida,2,367,1,5,2,41213.09,2,1,3,1,3279.63,1414.27,31236.15
Merida,2,367,2,1,1,14884.05,1,0,1,0,1739.97,1439.97,13496.04
Merida,2,367,1,3,2,23950.81,2,1,1,1,2357.1,2057.1,21596.48
Merida,2,367,2,7,1,8471.3,5,2,3,2,18170.78,925.7,40116.88
Merida,2,367,1,1,1,23557.36,1,0,1,0,2468.52,2468.52,13453.01
Merida,2,350,2,7,3,36713.14,3,3,4,0,4012.87,578.55,19859.97
Merida,2,350,2,3,1,3423.9,3,0,1,2,483.17,192.85,9636.49
Merida,2,350,2,6,5,83665.71,5,0,6,0,6767.88,1157.1,29580.74
Merida,2,350,1,2,0,14869.56,2,0,1,1,654,0,13166.3
Merida,2,350,1,5,3,47592.36,3,2,3,0,3678.09,1157.13,33519.38
Merida,2,350,1,3,1,30326.08,1,1,2,0,6359.74,0,30638.91
Merida,3,333,1,4,2,44311.46,2,0,4,0,22106.01,2159.96,62788.14
Merida,3,333,1,4,0,0,1,0,1,3,0,0,1164.4
Merida,3,333,2,4,2,81811.46,2,0,3,1,9300,0,48030.08
Merida,3,333,2,8,2,82426.21,2,3,5,0,14250,0,63766.41
Merida,3,333,2,4,2,56163.92,4,0,4,0,15417,0,56351.66
Merida,3,346,1,5,2,46956.51,2,0,5,0,6575.8,0,28765.24
Merida,3,346,1,4,1,48032.59,2,1,3,0,10877.2,0,27470.13
Merida,3,346,1,2,1,30467.96,2,0,0,2,3218.95,1028.57,13049.45
Merida,3,346,1,5,2,40328.79,3,0,5,0,8702.91,5901.3,26932.21
Merida,2,313,1,4,3,124750.57,3,0,4,0,21692.64,0,105233.03
Merida,2,313,1,2,2,46839.12,2,0,1,1,6741.27,5579.98,43144.59
Merida,2,313,1,2,1,293.47,2,0,0,2,580.64,0,12695.51
Merida,3,334,1,2,1,855.24,2,0,0,2,3008.55,1928.55,23962.3
Merida,3,334,1,4,3,65436.45,3,0,4,0,16846.07,0,96756.54
Merida,3,334,1,4,2,38138.11,3,0,4,0,3580.8,1542.84,31466.1
Merida,2,391,2,5,2,24089.67,2,1,4,0,4277.1,2777.1,22919.36
Merida,2,391,1,3,2,8075.04,3,0,2,1,5850.86,2751.38,28541.83
Merida,2,391,1,7,3,39815.21,1,3,4,0,4535.21,2314.25,42625.27
Merida,2,391,2,7,3,68991.82,4,1,5,1,7654.2,4114.2,63888.28
Merida,4,336,1,3,1,22636.72,3,0,3,0,18449.53,3754.23,95127.58
Merida,4,336,2,3,2,81049.7,2,0,3,0,6128.49,3368.49,57718.26
Merida,4,336,2,2,2,69911.58,2,0,2,0,8858.75,0,72138.63
Merida,4,399,2,3,1,14693.47,2,0,3,0,3726.32,1645.68,29119.53
Merida,4,399,1,5,1,102717.38,1,0,5,0,10925.79,0,137164.8
Merida,4,399,1,2,1,57228.25,1,0,2,0,9449.97,5219.97,61515.63
Merida,4,405,2,2,1,17591.79,1,1,1,0,7938.14,0,34668.77
Merida,4,405,2,2,2,77800.03,2,0,2,0,15267.53,0,95067.96
Merida,4,405,1,4,2,152589.31,3,1,3,0,17652.77,0,129059.62
Merida,4,347,1,2,1,0,2,0,1,1,9900,0,51124.26
Merida,4,347,1,3,2,55318.01,3,0,3,0,10226.5,0,66114.27
Merida,4,347,1,1,0,0,1,0,1,0,10132.77,0,58414.98
Merida,3,447,1,5,4,57399.4,4,1,3,1,4457.58,822.85,32319.9
Merida,3,447,2,3,1,100124.99,2,0,1,2,14721.03,0,75623.13
Merida,3,447,2,3,2,33847.8,2,0,3,0,5104.09,2082.8,26670.01
Merida,3,324,2,3,1,49705.83,2,0,3,0,7807.86,0,29503.47
Merida,3,324,2,1,1,5655.73,1,0,1,0,5472.82,2982.82,12386.78
Merida,3,324,2,3,2,30904.89,3,0,3,0,13405.67,2905.67,67842.25
Merida,3,324,1,2,0,0,2,0,2,0,11070,0,73348.79
Merida,3,352,1,2,0,12295.08,1,0,2,0,885.24,0,8873.67
Merida,3,352,1,3,2,62950.79,3,0,3,0,22092.6,642.85,64537.94
Merida,3,352,2,2,0,0,2,0,2,0,17858.49,3124.27,86164.71
Merida,3,352,2,5,3,96812.44,3,0,5,0,17858.6,1491.39,66027.17
Merida,3,352,2,1,1,47178.94,1,0,0,1,7127.11,4757.11,21113.22
Merida,3,342,1,3,2,130499.94,3,0,3,0,11826.05,5682.83,51079.73
Merida,3,342,1,3,1,31073.7,1,1,2,0,3915.17,1157.11,17854.54
Merida,3,342,1,2,1,6989.67,2,0,1,1,6184.51,0,44363.09
Merida,3,350,1,5,3,57443.45,4,2,3,0,15008.9,1234.26,81437.66
Merida,3,350,1,6,2,19638.58,4,2,3,1,22204.13,3689.92,77871.29
Merida,3,344,1,2,1,26315.2,1,0,2,0,3054.99,578.55,15359.01
Merida,3,344,2,2,0,0,2,0,1,1,1318.87,1028.55,15696.52
Merida,3,344,1,2,1,41307.05,2,0,2,0,7194.52,0,107654.51
Merida,3,344,1,8,5,88459.2,5,1,7,0,8256.65,3291.37,43746.84
Merida,3,352,1,5,4,102383.55,4,0,5,0,13963.75,3702.78,83279.48
Merida,3,352,1,5,3,33328.51,2,0,5,0,10325.86,5142.75,54807.09
Merida,3,352,2,6,2,121991.07,3,0,6,0,9772.65,5245.61,89445.38
Merida,3,353,1,10,6,64895.32,6,3,7,0,13357.95,9874.08,63138.03
Merida,3,353,1,5,1,37565.21,1,0,5,0,8297.63,1092.8,40295.61
Merida,3,353,1,4,3,79153.07,3,0,4,0,8138.96,822.84,55233.75
Merida,3,353,1,2,2,118393.24,2,0,2,0,71779.93,0,127907.28
Merida,3,322,1,1,1,51613.25,1,0,1,0,11794.47,0,45912.46
Merida,3,322,1,3,2,97052.78,2,0,3,0,19832.06,411.41,47059.58
Merida,3,322,1,2,1,112375.68,2,0,1,1,60315.31,0,108849.25
Merida,3,322,1,3,3,69488.91,3,0,3,0,6701.6,0,52559.93
Merida,3,322,2,2,1,6404.41,2,0,1,1,23492.59,0,29122.65
Merida,4,428,2,3,0,73.36,2,0,1,2,1562.31,0,19135.81
Merida,4,428,1,3,2,51251.39,3,0,3,0,4273.1,925.69,36926.31
Merida,4,428,2,1,1,60407.59,1,0,1,0,9935.35,0,51563.21
Merida,4,428,2,2,1,42652.17,2,0,1,1,8282.07,0,42708.42
Merida,2,349,1,4,3,29091.76,3,0,4,0,2849.97,2699.97,26193.6
Merida,2,349,1,5,3,23606.55,2,0,5,0,15930,0,290379.27
Merida,2,349,1,4,3,74016.37,2,0,3,1,24682.73,385.71,108356.41
Merida,2,349,2,4,2,17493.44,4,0,4,0,9110.21,1864.23,34393.49
Merida,3,326,1,3,1,30570.64,2,0,2,1,14799.67,0,87816.58
Merida,3,326,1,4,1,0,1,2,2,0,8303.22,0,44705.24
Merida,3,326,1,4,1,106385.86,1,1,3,0,18261.29,0,129617.06
Merida,3,326,1,4,2,130335.86,3,0,4,0,30048.38,0,82425.37
Merida,3,357,1,1,1,25647.53,1,0,1,0,2348.36,0,18609.1
Merida,3,357,2,2,2,19711.46,2,0,2,0,4394.26,0,23209.29
Merida,3,357,1,3,1,19898.35,1,0,3,0,9300,0,28014.58
Merida,3,357,1,3,3,51132.76,3,0,3,0,13058.52,2468.52,32760.17
Merida,3,342,1,4,2,68065.56,3,1,2,1,12300,0,79012.04
Merida,3,342,2,2,2,88524.58,2,0,2,0,14095.07,0,48601.78
Merida,3,342,1,2,1,25967.18,1,0,1,1,5078.53,3728.53,46765.74
Merida,3,342,1,4,1,53213.1,1,2,2,0,4988.57,578.57,39942.93
Merida,3,342,2,1,1,24999.72,1,0,1,0,2430,0,8465.93
Merida,3,342,1,2,1,53044.91,1,0,2,0,10800,0,19542.3
Merida,3,305,2,1,0,0,1,0,0,1,4141.93,0,21042.91
Merida,3,305,2,4,3,161755.41,4,0,4,0,6733.68,0,55656.1
Merida,3,305,1,2,1,9097.82,1,0,2,0,145.16,0,6980.86
Merida,3,327,2,1,0,0,1,0,0,1,4190.03,0,14997.59
Merida,3,327,2,4,2,54567.35,3,0,4,0,5179.48,771.42,27734.11
Merida,3,327,1,2,1,0,2,0,1,1,2025.48,0,78541.3
Merida,3,327,1,2,1,17608.69,2,0,1,1,1500,0,58062.21
Merida,3,327,1,5,2,38641.29,5,0,4,1,9800.42,4937.05,36338.03
Merida,2,370,1,5,3,56152.15,3,1,4,0,9671.21,3021.38,34021.96
Merida,2,370,2,4,2,74347.8,2,1,3,0,8880.25,822.84,38394.75
Merida,2,370,1,3,1,17002.17,1,0,3,0,4624.36,0,18521.38
Merida,2,370,1,1,1,5062.49,1,0,1,0,2174.9,1594.26,59324.45
Merida,2,370,2,5,3,32801.06,3,2,3,0,3773.22,0,26539.65
Merida,2,364,1,2,0,397.79,1,0,2,0,530.87,385.71,21880.95
Merida,2,364,1,5,4,60985.86,4,1,4,0,8985.77,1902.84,46754.68
Merida,2,364,2,5,2,48381.19,3,0,5,0,7260.43,4525.6,47109.74
Merida,2,335,1,1,1,27770.85,1,0,1,0,4083.87,0,18466.46
Merida,2,335,1,7,3,53987.74,6,2,5,0,7064.64,771.42,56514.79
Merida,2,335,2,3,3,18101.73,2,0,3,0,2369.98,719.98,18287.45
Merida,2,335,2,3,1,1917.39,1,2,1,0,580.64,0,25007.03
Merida,2,335,1,2,1,14086.95,2,0,2,0,3299.51,0,20736.48
Merida,2,341,1,2,2,29092.48,2,0,2,0,3660,0,69768.4
Merida,2,341,1,4,1,37622.93,4,0,2,2,9458.55,1028.55,28547.68
Merida,2,341,1,3,2,53422.1,2,1,2,0,9387,0,31985.83
Merida,2,348,1,2,1,21885.22,2,0,2,0,595.08,0,22964.21
Merida,2,348,1,3,1,69668.81,1,1,2,0,17671.15,3728.53,90337.77
Merida,2,348,2,1,1,20163.93,1,0,1,0,3770.4,3111.39,29054.7
Merida,2,348,2,1,1,23601.12,1,0,0,1,600,0,35354.95
Merida,4,422,1,3,1,105163.04,2,0,1,2,46212.47,0,125412.81
Merida,2,306,1,8,4,59282.58,5,2,6,0,13348.51,8935.61,41308.58
Merida,2,306,1,4,1,29622.69,3,0,4,0,10471.72,2828.5,43200.5
Merida,2,306,2,2,2,11172.7,2,0,1,1,3227.77,0,27650.11
Merida,2,306,2,1,0,0,1,0,1,0,2941.93,0,24797.75
Merida,3,350,1,3,3,36293.44,3,0,3,0,5399.81,2468.52,19290.85
Merida,3,350,1,3,1,16464.08,2,0,3,0,4331.69,2751.37,23529.73
Merida,3,350,2,4,4,98535.75,4,0,4,0,10262.37,0,101658.89
Merida,3,350,1,2,1,24010.7,1,0,2,0,4691.76,2558.53,25564.56
Merida,4,449,2,3,2,72988.01,3,0,3,0,17654.05,2159.99,78737.26
Merida,4,449,2,3,1,40108.68,3,0,3,0,7267.2,0,53968.35
Merida,4,449,1,3,1,43923.9,2,0,3,0,16334.75,0,68110.22
Merida,4,449,1,4,2,75326.07,2,0,4,0,16798.72,0,47725.88
Merida,4,379,2,3,2,37303.26,3,0,3,0,2850,0,34781.79
Merida,4,436,2,1,1,36933.53,1,0,1,0,9204.58,7714.26,25350.34
Merida,4,436,1,1,1,8021.73,1,0,0,1,4002.23,0,30287.71
Merida,4,436,1,1,1,27684.77,1,0,1,0,2068.75,0,19502.01
Merida,4,436,1,2,2,68429.33,2,0,2,0,32926.91,0,111803.61
Merida,4,410,2,2,1,52111.12,2,0,2,0,22664.49,0,86306.89
Merida,4,410,1,4,2,77122.91,2,1,3,0,12205.75,0,50631.68
Merida,4,410,1,2,0,0,2,0,2,0,7176.44,0,20292.94
Merida,4,410,1,2,0,0,2,0,0,2,3863.99,1799.99,33683.37
Merida,4,458,1,2,0,0,2,0,0,2,2324.13,0,17505.66
Merida,4,458,1,4,2,63097.81,2,0,4,0,17667.42,4885.68,42538.96
Merida,4,458,1,4,1,66374.99,1,2,2,0,8356.45,0,34358.4
Merida,4,458,2,2,2,17144.01,2,0,2,0,3048.46,0,56024.18
Merida,4,458,2,3,1,123016.28,1,1,2,0,15361.21,0,67996.8
Merida,4,458,1,2,2,0,2,0,0,2,580.64,0,19599.19
Merida,4,398,1,4,2,38477.73,4,0,3,1,32475.81,3535.65,94626.05
Merida,4,398,1,4,2,96885.22,2,1,3,0,19650,0,64549.98
Merida,4,398,2,5,5,68945.85,4,0,5,0,80219.21,1028.57,227704.66
Merida,4,398,1,3,2,171260.61,3,1,2,0,56138.5,0,177278.59
Merida,2,315,1,2,2,21022.63,2,0,2,0,19815.48,0,72598.78
Merida,2,315,2,2,2,43874.98,2,0,2,0,6711.93,1157.1,22400.66
Merida,2,315,2,2,2,49296.51,2,0,2,0,7587.09,0,31918.85
Merida,2,315,1,4,2,34327.16,2,0,4,0,3212.45,411.42,30750.29
Merida,2,315,2,6,2,35682.04,4,1,5,0,1500,0,23195.17
Merida,2,326,2,2,1,39130.43,2,0,2,0,5969.16,0,35875.75
Merida,2,326,2,1,1,122.28,1,0,1,0,1092.84,1092.84,18516.73
Merida,2,326,1,4,1,20833.79,2,0,4,0,5052.67,1491.39,12958.81
Merida,2,326,1,4,1,21032.6,1,2,2,0,7386.61,4628.56,25303.07
Merida,2,326,1,5,1,21457.28,1,3,2,0,2690.3,1799.98,26667.07
Merida,4,422,1,4,3,89962.72,3,0,3,1,16975.73,3728.52,75101.01
Merida,4,422,1,4,2,48797.01,2,2,2,0,9988.23,1568.56,68088.78
Merida,4,422,1,3,3,37712.83,3,0,3,0,12964.22,5014.22,53540.79
Merida,4,422,1,1,1,27636.11,1,0,1,0,3155.46,1092.84,17071.59
Merida,4,422,1,7,5,124878.64,5,1,6,0,13181.48,2378.54,78780.06
Merida,2,408,1,2,0,0,1,0,2,0,1157.14,257.14,9718.36
Merida,2,408,1,3,2,19573.75,2,0,3,0,4788.4,2121.4,20321.17
Merida,2,408,1,3,2,27024.58,2,1,2,0,5548.93,2147.13,32379.53
Merida,2,408,1,3,2,18590.15,3,0,3,0,600,0,22366.84
Merida,2,353,1,6,2,66162.79,2,2,4,0,6747.11,3021.31,31476.63
Merida,2,353,1,6,4,67957.61,4,2,4,0,28513.76,0,117662.04
Merida,2,353,1,4,1,36352.16,2,0,4,0,2727.96,0,70612.03
Merida,4,351,1,1,1,80461.94,1,0,1,0,29208.13,0,182667.9
Merida,4,351,2,1,0,0,1,0,0,1,0,0,4735.47
Merida,4,351,1,4,2,94974.45,2,2,2,0,8351.59,5399.98,152431.45
Merida,4,351,1,1,0,0,1,0,0,1,290.32,0,20742.47
Merida,3,343,2,3,2,21137.69,3,0,3,0,6288.35,4821.35,21753.85
Merida,3,343,1,5,4,181840.99,5,0,5,0,16776.21,13776.21,95720.8
Merida,3,343,1,4,3,60417.99,3,1,3,0,13633.52,3516.3,72639.12
Merida,3,343,1,4,4,47803.25,3,0,4,0,10419.79,7392.79,39367.96
Merida,3,343,2,6,4,74524.73,5,1,5,0,7872.73,4917.73,50786.39
Merida,4,428,1,4,2,114456.5,3,0,4,0,6098.06,0,42329.64
Merida,4,428,2,2,2,10645.91,2,0,2,0,5704.58,1478.56,15248.42
Merida,4,428,1,3,2,46440.77,2,0,3,0,3703.39,2314.26,28570.26
Merida,4,428,1,4,2,36899.99,1,2,2,0,1800,0,24928.7
Merida,4,516,2,8,3,46100.5,6,1,7,0,9661.3,5374.21,60253.02
Merida,4,516,1,1,1,381521.73,1,0,1,0,2400,0,62730.42
Merida,4,378,1,2,0,0,1,0,0,2,6900,0,47235.6
Merida,4,378,1,4,4,287090.11,4,0,4,0,27150,0,128957.05
Merida,2,301,2,3,3,4102.19,3,0,3,0,145.16,0,23801.22
Merida,2,301,1,4,2,14797.79,2,2,2,0,3732.71,2571.42,35232.6
Merida,2,301,1,6,4,42642.1,4,1,5,0,13712.9,0,41056.96
Merida,2,301,1,6,4,45994.44,4,1,4,1,4278.27,899.98,43214.08
Merida,2,301,1,10,6,263091.33,7,3,6,1,15009.98,359.99,79977.98
Merida,4,408,2,2,2,15285.31,2,0,2,0,2984.9,1234.26,11749.37
Merida,4,408,2,1,0,0,1,0,1,0,3740.27,1349.95,9910.38
Merida,4,408,2,2,0,0,1,0,2,0,4964.13,1157.13,42293.56
Merida,4,432,2,3,1,38451.67,2,0,3,0,8201.78,5014.2,37570.93
Merida,4,432,1,2,0,0,1,0,1,1,2556.97,0,22922.33
Merida,4,432,1,4,1,68022.08,3,0,4,0,221249.85,0,308873.49
Merida,4,432,1,1,1,7878.72,1,0,0,1,580.64,0,12863.53
Merida,4,432,1,4,2,74784.52,4,0,1,3,10495.11,0,39355.34
Merida,4,432,1,1,0,0,1,0,1,0,5815.63,3548.53,20362.77
Merida,3,325,1,6,4,84228.24,4,2,4,0,16244.5,2057.1,54589.6
Merida,3,325,2,1,1,25985.05,1,0,1,0,7714.25,4114.25,19926.19
Merida,3,325,2,1,1,2445.65,1,0,1,0,2455.66,2455.66,10612.4
Merida,3,325,2,8,3,62999.97,4,2,6,0,50395.05,8768.42,94503.15
Merida,1,566,1,4,4,58807.64,3,0,4,0,4383.87,0,35479.08
Merida,1,566,1,5,1,33260.86,2,2,3,0,6434.87,0,28586.47
Merida,1,566,1,1,1,43492.35,1,0,1,0,2322.58,0,42193.28
Merida,1,566,1,4,2,30081.51,2,2,2,0,5018.39,3857.1,24025.53
Merida,4,320,1,2,2,31059.76,2,0,1,1,11917.74,0,32520.46
Merida,4,320,2,2,1,37173.9,2,0,1,1,8929.66,1542.85,60133.76
Merida,4,320,2,4,3,104135.83,4,0,3,1,13888.83,4229.91,52541.85
Merida,4,320,2,2,1,15896.73,2,0,0,2,2171.19,1285.71,34060.4
Merida,4,320,2,6,2,69826.81,3,2,3,1,9514.16,1832.05,103487.1
Merida,4,402,1,6,6,110631.07,6,0,6,0,4339.25,964.25,40383.95
Merida,4,402,2,2,1,32187.95,1,1,1,0,9636.39,0,34379.19
Merida,4,402,2,1,1,25218.83,1,0,1,0,3234,0,19552.89
Merida,4,402,1,1,1,47803.27,1,0,1,0,12889.33,8099.96,87019.37
Merida,4,402,1,5,3,25322.93,4,0,3,2,56720.15,0,105885.35
Merida,4,427,1,2,0,0,2,0,0,2,4500,0,12419.73
Merida,4,427,2,1,0,0,1,0,0,1,2035.71,1285.71,33952.45
Merida,4,427,1,5,3,81984.11,4,1,2,2,16134.87,1594.27,64298.98
Merida,3,281,1,3,2,109372.36,2,0,3,0,22590.39,1054.27,57907.61
Merida,3,281,1,2,2,14419.88,2,0,2,0,3081.28,899.99,14165.9
Merida,3,281,2,2,2,50847.49,2,0,2,0,24316.29,5399.94,53878
Merida,3,281,1,4,2,48573.6,2,0,4,0,7154.3,269.98,59371.2
Merida,2,352,1,2,0,0,1,0,1,1,2090.32,0,28826.96
Merida,2,352,2,3,1,5223.91,2,1,1,1,11207.6,0,51429.11
Merida,2,352,2,5,2,29347.82,2,1,3,1,2146.45,0,11916.09
Merida,2,352,1,2,2,45782.6,2,0,2,0,6865.58,5399.94,48559.4
Merida,2,352,1,2,2,42842.9,2,0,2,0,2135.93,359.98,52356.81
Merida,4,352,2,3,2,123372.36,2,0,3,0,15494.18,1028.57,75287.91
Merida,4,352,1,3,2,83739.1,2,1,2,0,18567.22,0,102635.69
Merida,4,352,2,2,1,18097.82,2,0,2,0,5816.22,0,24138.48
Merida,2,325,2,3,2,64020.64,2,0,3,0,9981.35,7881.35,33240.59
Merida,2,325,2,2,2,43992.26,2,0,2,0,9352.62,3342.79,38775.24
Merida,2,325,1,4,2,33864.58,2,2,2,0,3852,0,27925.87
Merida,2,325,2,2,1,20250.31,1,0,2,0,6964.23,5014.23,20211.09
Merida,4,464,2,3,2,73767.67,2,1,2,0,14230.4,719.97,83596.08
Merida,4,464,2,5,2,75081.5,2,0,5,0,14870.22,0,45646.58
Merida,4,464,2,5,3,73790.16,4,1,4,0,7565,1542.84,55429.84
Merida,4,464,2,4,2,110690.19,2,1,3,0,9876.67,0,68975.53
Merida,4,464,2,3,1,56763.57,3,0,2,1,5247.58,0,36777.84
Merida,4,409,1,6,3,77942.92,3,1,5,0,10620.94,449.99,50632.07
Merida,4,409,1,1,1,278804.34,1,0,1,0,134845.35,0,461657.35
Merida,4,409,2,4,3,113398.03,3,1,3,0,34821.26,27771.26,106292.23
Merida,4,377,1,4,1,73770.49,2,0,3,1,21000,0,171953.01
Merida,4,377,2,1,0,0,0,0,1,0,17347.81,0,57376.04
Merida,4,377,1,4,2,216639.31,2,2,2,0,226571.31,0,358328.97
Merida,4,377,2,2,0,0,1,1,1,0,35389.12,0,189229.2
Merida,4,377,1,5,1,265573.77,1,0,5,0,14141.25,0,205265.05
Merida,1,476,1,2,2,59670.3,2,0,2,0,6038.47,1131.4,36131.94
Merida,1,476,2,2,2,66521.72,2,0,1,1,27762.78,0,70505.1
Merida,1,476,1,4,2,63314.97,3,1,3,0,8079,5432.03,44117.28
Merida,1,476,1,6,2,32482.13,3,1,5,0,30622.55,1542.85,62292.64
Merida,1,476,2,4,4,136123.45,4,0,4,0,6376.57,411.42,69010.21
Merida,2,326,1,1,1,33934.4,1,0,1,0,3450,0,32180.8
Merida,2,326,2,1,0,0,1,0,0,1,6214.26,5014.26,14405.14
Merida,2,326,1,1,0,0,1,0,0,1,2591.8,0,5926.8
Merida,2,326,2,2,2,40081.95,2,0,2,0,1200,0,20711.55
Merida,2,326,1,5,3,102051.95,3,1,4,0,10500,0,44186.73
Merida,2,327,1,3,1,22891.29,2,0,3,0,7447.84,0,51332.04
Merida,2,327,1,3,1,41086.95,1,0,3,0,8389.82,514.25,42355.6
Merida,2,327,1,5,2,34483.69,2,1,4,0,7897.05,1504.26,42210.28
Merida,2,327,1,5,1,23478.25,1,1,4,0,3655.55,1234.26,28429.44
Merida,2,327,2,3,0,0,1,1,2,0,8017.74,0,49267.84
Merida,2,327,2,2,2,35021.73,2,0,2,0,6460.58,2879.94,28292.28
Merida,4,380,1,4,2,112499.97,2,2,2,0,9772.25,0,73732.19
Merida,4,380,1,2,2,21262.49,2,0,2,0,9741.02,3214.25,20875.19
Merida,4,380,1,3,2,23478.24,2,0,3,0,8667.62,3625.69,39068.74
Merida,4,380,1,2,2,106445.53,2,0,2,0,17757,0,79209.41
Merida,2,325,1,3,2,63078.23,2,1,2,0,1630.64,0,26250.72
Merida,2,325,1,2,1,26427.7,1,0,2,0,3254.9,1234.26,14907.83
Merida,2,325,2,1,1,36953.79,1,0,1,0,4830.95,0,31531.92
Merida,2,367,2,1,1,29805.46,1,0,1,0,4412.59,2777.11,19818.1
Merida,2,367,2,3,1,19663.03,2,1,2,0,1544.9,964.26,31028.98
Merida,2,367,1,3,1,61141.28,1,1,2,0,12459.64,2699.97,48073.91
Merida,2,367,1,3,1,39991.29,3,1,2,0,9817.7,1799.96,43006.5
Merida,2,367,2,2,2,27493.27,2,0,2,0,5006.63,1735.67,46945.51
Merida,2,358,1,4,2,45319.65,2,2,2,0,5550,0,37375.05
Merida,2,358,1,5,3,109155.7,3,0,5,0,10260,0,87471.24
Merida,2,358,1,1,1,52868.84,1,0,1,0,5110.53,2571.4,33182.5
Merida,2,358,1,1,1,19475.4,1,0,1,0,600,0,6515.92
Merida,4,355,1,3,2,49151.91,2,1,2,0,7427.41,0,30583.41
Merida,4,355,2,2,2,33926.51,2,0,2,0,4281.11,0,29337.96
Merida,4,355,1,4,2,80684.81,4,1,2,1,2176.91,269.99,29632.13
Merida,4,355,1,4,1,28839.77,1,2,2,0,4392.58,0,34822.68
Merida,4,454,2,3,2,91864.26,2,0,3,0,27155.61,7714.26,197985.24
Merida,4,454,2,3,1,35218.05,2,0,3,0,10995.38,0,57195.59
Merida,2,425,1,2,1,20286.66,2,0,2,0,4179.21,3239.98,22092.53
Merida,2,425,1,5,2,33107.8,3,2,2,1,4607.78,3214.24,34349.54
Merida,2,425,2,1,1,32475.81,1,0,1,0,4160.26,2879.94,17262.98
Merida,2,345,1,5,1,51712.7,2,2,3,0,5747.89,0,26027.92
Merida,2,345,1,3,2,34359.1,2,1,2,0,1050,0,27586.92
Merida,2,345,1,3,2,27285.9,2,0,3,0,2700.45,1439.97,25320.81
Merida,2,345,1,1,1,29610.48,1,0,1,0,3742.53,0,38305.41
Merida,2,345,1,1,0,0,1,0,1,0,8600.92,0,35568.2
Merida,4,409,2,1,1,5468.84,1,0,0,1,411.42,411.42,15629.14
Merida,4,409,1,2,2,58415.86,2,0,2,0,5192.61,2738.52,43632.97
Merida,4,409,1,4,3,74852.44,3,0,4,0,4950,0,51987.59
Merida,4,409,2,2,1,1264.91,2,0,2,0,10111.9,3779.94,54854.27
Merida,4,409,1,1,0,0,1,0,0,1,9821.31,0,64774.53
Merida,1,658,2,3,2,32894,2,0,3,0,2652.67,1491.38,29238.49
Merida,1,658,1,2,1,35210.35,1,0,2,0,1480.64,0,16473.87
Merida,1,658,2,2,1,407.91,1,0,2,0,1349.99,1349.99,6105.34
Merida,1,658,1,5,2,48943.34,5,2,3,0,4398.27,2609.98,49158.11
Merida,1,658,1,2,1,7434.78,1,0,2,0,145.16,0,29893.78
Merida,1,432,1,5,2,26736.87,2,0,5,0,6377.09,2327.09,39127.35
Merida,1,432,1,4,1,28401.62,1,1,3,0,3252.85,964.25,23291.75
Merida,1,432,1,2,1,17905.14,1,0,2,0,3011.57,1131.41,17968.77
Merida,1,432,1,4,2,7067.21,2,1,3,0,5828.54,1928.54,23112.78
Merida,1,432,2,2,2,16476.62,2,0,2,0,2464.22,1414.22,20328.17
Merida,1,432,1,4,2,44343.06,2,1,3,0,6618.03,1253.54,53842.99
Merida,2,350,1,5,2,44030.04,2,2,3,0,3720.13,2262.81,25371.5
Merida,2,350,1,5,3,49695.64,3,1,4,0,11192.05,411.42,46849.91
Merida,2,350,1,4,1,20665.75,1,2,2,0,4351.68,1645.68,40059.36
Merida,3,343,2,2,1,84864.12,2,0,2,0,7769.83,6608.54,67472.8
Merida,3,343,1,1,1,12717.39,1,0,1,0,4148,2802.84,21225.89
Merida,3,343,1,4,3,2347.82,2,0,4,0,20122.53,642.85,149148.96
Merida,3,343,2,1,1,0,1,0,1,0,1935.48,0,21732.13
Merida,3,343,2,2,0,0,1,0,2,0,2286.35,205.71,25946.89
Merida,4,407,1,4,2,106475.36,4,1,3,0,11250,0,143233.88
Merida,4,407,2,2,2,104213.09,2,0,2,0,25020.48,0,98986.31
Merida,4,407,2,4,2,72518.95,3,1,3,0,7859.93,4859.93,69231.53
Merida,4,407,1,3,2,72196.69,2,0,3,0,17153.21,0,85142.83
Merida,4,407,2,3,0,0,2,0,2,1,3240,0,18130.5
Merida,2,319,1,4,2,21959,2,1,3,0,2458.93,617.13,28218.6
Merida,2,319,1,1,1,23987.68,1,0,1,0,745.7,295.7,22418.25
Merida,2,319,1,5,1,24958.99,1,2,3,0,6378.11,617.13,31290.97
Merida,2,319,2,1,1,187651.47,1,0,1,0,7169.71,1928.57,104438.95
Merida,2,319,2,5,4,43149.8,4,0,5,0,2400,0,24174.96
Merida,2,393,2,3,1,17704.91,2,0,3,0,34500,0,73308.74
Merida,2,393,1,4,2,29488.83,2,1,3,0,6988.52,0,28448.51
Merida,2,393,1,1,0,0,1,0,0,1,4350,0,19966.2
Merida,2,393,1,2,0,0,2,0,1,1,93906.32,0,132364.18
Merida,4,393,1,1,0,0,1,0,0,1,812.89,0,16478.26
Merida,4,393,1,2,1,23038.02,2,0,1,1,26813.77,1234.26,64932.23
Merida,4,393,2,5,2,40255.42,2,2,3,0,5056.44,1799.99,47816.59
Merida,4,380,1,4,2,62486.38,3,0,4,0,11937.75,4242.75,52223.94
Merida,4,380,1,5,1,48913.03,1,0,5,0,11019.93,1349.93,43163.46
Merida,4,380,2,3,1,46507.17,3,0,3,0,8110.48,4834.19,52319.68
Merida,4,380,1,4,2,84961.92,2,0,4,0,10318.79,1060.62,54026.79
Kanasin,2,446,1,7,4,80119.53,5,1,6,0,21473.16,1028.55,97998.27
Kanasin,2,446,2,2,2,49538.39,2,0,2,0,2436.29,0,28832.05
Kanasin,2,446,1,4,3,80129.32,3,0,4,0,21488.7,0,79101.2
Kanasin,2,446,1,7,1,45761.05,4,1,4,2,12938.98,3239.94,58331.21
Kanasin,2,446,1,3,2,38147.27,3,0,3,0,3049.16,2468.52,23931.6
Kanasin,3,436,2,3,1,26452.14,2,0,3,0,9213.84,3779.97,47978.1
Kanasin,3,436,1,4,3,29485.26,4,0,4,0,4356.3,2725.66,41568.07
Kanasin,2,358,1,5,1,18646.4,1,2,3,0,3873.86,0,16063.41
Kanasin,2,358,2,3,1,61543.79,1,1,2,0,7839.31,5438.52,42747.16
Kanasin,2,358,1,7,2,85065.89,4,3,2,2,12828.89,925.67,48214.35
Kanasin,2,358,1,4,4,110134.45,4,0,4,0,7542.48,4319.91,44418.11
Kanasin,2,358,1,4,2,34761.84,3,0,3,1,4635.57,3561.39,30213.9
Kanasin,3,405,1,4,2,30782.93,4,0,2,2,5581.25,3214.25,38480.01
Kanasin,3,405,1,2,0,0,2,0,1,1,25076.99,179.99,69990.65
Kanasin,3,405,2,2,2,1287.04,1,0,1,1,4259.96,3599.96,12523.13
Kanasin,3,405,1,2,2,113209.04,2,0,2,0,6900,0,40501.28
Kanasin,3,405,1,2,1,10622.94,1,0,2,0,3396.39,2796.39,27011.45
Kanasin,2,319,2,4,2,33737.76,2,2,2,0,3593.6,0,37764.87
Kanasin,2,319,2,6,2,44099.99,2,3,3,0,1918.19,321.42,30556.01
Kanasin,2,319,1,1,0,0,1,0,0,1,1590,0,4702.21
Kanasin,2,319,1,5,3,74323.34,3,0,5,0,5657.13,3857.13,42661.37
Kanasin,2,319,1,3,3,25740.47,3,0,3,0,7398.76,2584.25,28210.16
Kanasin,2,319,1,4,2,41942.9,2,2,2,0,7708.06,0,28396.59
Kanasin,2,317,1,4,2,46229.49,2,0,4,0,8357.1,3857.1,39163.24
Kanasin,2,317,1,3,2,59754.06,2,0,3,0,9702.75,6402.75,28605.26
Kanasin,2,317,1,3,3,53483.58,3,0,3,0,5357,3857,28915.63
Kanasin,2,317,1,1,1,25662.29,1,0,1,0,1880.78,385.7,11755.07
Kanasin,2,317,1,4,2,66491.23,2,2,2,0,81915.43,578.55,112931.76
Kanasin,2,346,1,4,2,26886.79,3,0,4,0,8399.99,5849.99,73436.01
Kanasin,2,346,1,5,2,29303.26,2,2,3,0,9149.89,7649.89,31468.15
Kanasin,2,346,1,4,3,72484.39,3,0,4,0,21660.75,411.42,52696.55
Kanasin,2,346,1,6,2,49967.21,2,3,3,0,9599.97,8999.97,52885.95
Kanasin,2,346,2,4,3,40140.95,4,0,4,0,8743.29,4692.8,43591.1
Kanasin,2,379,1,3,1,92323.36,1,1,2,0,1930.62,1349.98,28476.77
Kanasin,2,379,1,3,3,40945.09,3,0,3,0,4507.38,4217.06,16317.02
Kanasin,2,379,1,2,1,4157.59,1,0,2,0,0,0,5637.88
Kanasin,2,379,1,7,4,32429.33,5,2,3,2,290.32,0,25558.71
Kanasin,2,356,1,2,1,14820.64,2,0,2,0,1315.16,0,30596.8
Kanasin,2,356,1,2,2,1002.7,2,0,0,2,48.91,0,5778.61
Kanasin,2,356,2,4,3,30974.12,3,0,4,0,4782.41,1928.55,27230.33
Kanasin,2,356,2,7,2,43385.86,3,1,6,0,12239.82,4146.31,45379.41
Kanasin,2,356,2,3,1,2592.37,2,2,1,0,2073.71,1928.55,14940.75
Kanasin,2,335,2,7,4,42045.64,4,2,5,0,4480.6,899.96,51982.95
Kanasin,2,335,2,4,2,50525.57,3,1,3,0,2192.43,0,36735.38
Kanasin,2,335,1,2,1,31793.47,1,0,2,0,290.32,0,20729.74
Kanasin,2,335,1,5,2,51844.87,3,1,4,0,7284.51,2314.2,45526.79
Kanasin,1,933,2,2,1,36670.78,1,1,1,0,2253.69,2108.53,14472.53
Kanasin,1,933,2,5,4,64695.29,4,0,5,0,21280.25,8781.28,85853.29
Kanasin,1,933,1,1,1,48080.1,1,0,1,0,5811.3,5811.3,34800.15
Kanasin,1,933,2,5,3,17863.02,3,0,5,0,14621.7,3985.6,59236.25
Kanasin,1,933,1,5,1,31010.85,2,2,3,0,17906.12,15865.64,57698.45
Kanasin,2,419,1,4,1,25573.76,2,1,3,0,5283.82,1182.82,30923.32
Kanasin,2,419,1,4,4,90539.53,4,0,4,0,10896.76,2777.1,35033.3
Kanasin,2,365,1,4,3,58576.98,4,0,4,0,5841.29,0,23734.94
Kanasin,2,365,2,6,3,11193.82,5,2,3,1,4964.88,3034.24,22248.77
Kanasin,2,365,1,2,2,22617.84,2,0,0,2,1161.29,0,10437.18
Kanasin,2,365,1,3,1,20924.98,2,1,2,0,2257.45,797.13,12396.49
Kanasin,2,365,1,4,1,39047.27,2,2,2,0,0,0,21364.89
Kanasin,2,365,1,3,2,29306.26,3,0,3,0,4964.5,899.99,36067.01
Kanasin,2,332,2,7,4,48898.32,4,2,5,0,15847.42,15557.1,49384.43
Kanasin,2,332,1,4,2,38565.73,4,0,4,0,5882.32,0,23621.22
Kanasin,2,332,1,4,1,41344.29,2,0,3,1,3009.02,1002.82,55300.26
Kanasin,2,332,2,3,2,61460.51,2,1,2,0,10031.98,1157.1,49714.03
Kanasin,1,442,2,5,1,26086.27,3,1,4,0,4412.92,3149.97,18955.06
Kanasin,1,442,1,7,3,62500.31,6,0,5,2,5967.75,2892.75,48373.82
Kanasin,1,442,1,4,1,21245.9,1,2,2,0,1637.14,257.14,10057.81
Kanasin,1,442,1,11,6,101803.21,8,2,7,2,5197.69,964.25,79054.81
Kanasin,1,442,1,2,2,12201.62,2,0,2,0,1462.44,1054.25,13471.46
Kanasin,2,351,1,6,2,44266.3,2,4,2,0,2894.9,2314.26,39111.23
Kanasin,2,351,2,4,3,58548.89,3,1,3,0,8429.03,0,50883.94
Kanasin,2,351,1,4,1,36586.95,1,2,2,0,5674.17,1864.27,25931.44
Kanasin,2,351,1,5,1,35217.39,3,0,5,0,6304.83,0,31410.35
Kanasin,2,351,1,3,2,49133.13,2,0,3,0,5598.26,0,28269.9
Kanasin,2,351,1,13,3,36642.82,4,7,6,0,514.28,514.28,37033.76
Kanasin,3,377,1,4,1,75419.41,1,1,3,0,14079.81,2082.81,61736.37
Kanasin,3,377,1,4,1,54649.17,2,2,2,0,4053.84,257.13,42579.37
Kanasin,3,377,1,4,1,43696.69,1,0,4,0,4799.95,3149.95,39878.57
Kanasin,3,377,1,1,0,0,1,0,0,1,6171.38,5271.38,34961.67
Kanasin,2,320,1,3,2,36147.52,2,0,3,0,5678.52,4628.52,20072.77
Kanasin,2,320,1,2,1,21245.9,1,0,2,0,2914.26,2314.26,20460
Kanasin,2,320,1,4,2,50033.58,2,2,2,0,10148.52,2468.52,33676.57
Kanasin,2,320,1,3,1,24565.57,1,0,3,0,917.13,617.13,13028.88
Uman,2,324,1,7,2,51614.72,3,0,6,1,8468.52,2468.52,51552.09
Uman,2,324,2,3,1,33309.11,1,1,2,0,5916.38,0,27640.21
Uman,2,324,1,2,0,0,2,0,0,2,0,0,6985.36
Uman,2,324,1,2,1,38.36,2,0,0,2,0,0,8161.05
Uman,2,324,2,5,3,49350.46,3,0,5,0,10392.8,2982.8,39975.82
Uman,2,324,1,4,2,21885.24,2,0,2,2,13970.58,1259.93,27047.4
Uman,2,332,1,2,1,0,1,0,2,0,945,0,17194.11
Uman,2,332,2,5,3,30993.41,5,2,3,0,7158.25,282.85,27754.19
Uman,2,332,1,2,2,26311.46,2,0,0,2,4251.38,3651.38,30691.14
Uman,2,332,1,5,2,72523.76,4,1,4,0,9638.47,4358.47,53296.82
Uman,2,332,1,5,5,150439.07,5,0,5,0,10151.71,2892.7,60702.66
Uman,2,347,1,4,2,33544.55,2,2,2,0,1924.11,0,24734.31
Uman,2,347,2,2,1,2769.94,2,0,0,2,1785.41,1349.93,19229.64
Uman,2,347,1,4,1,20298.9,4,0,2,2,7227.29,1902.78,29965.47
Uman,2,347,1,3,1,35217.39,1,1,2,0,7745.75,719.96,28797.66
Uman,2,347,2,3,2,33172.08,2,0,3,0,7519.57,5284.19,24948.82
Uman,2,347,1,4,2,48448.36,3,0,2,2,3398.42,1337.13,35121.66
Uman,2,318,1,2,2,35315.2,2,0,2,0,5867.09,3317.09,20803.1
Uman,2,318,2,4,1,15163.04,3,0,4,0,4053.12,2262.8,48365.12
Uman,2,318,1,4,2,105358.67,2,2,2,0,14943.28,2314.26,46847.29
Uman,2,318,1,4,2,49402.16,2,2,2,0,8398.1,2314.25,41229.33
Uman,2,318,1,3,2,26415.44,2,1,2,0,4650.77,0,37148.78
Uman,2,318,1,5,2,29424.84,2,3,2,0,6693.31,0,24516.14
Uman,2,297,1,5,4,59528.51,3,0,5,0,4300.35,617.13,31937.75
Uman,2,297,1,2,1,6945.65,2,0,1,1,3492.13,3085.68,18959.34
Uman,2,297,2,3,2,30327.44,2,1,2,0,3538.28,2352.8,27559.85
Uman,2,297,1,4,4,63572.35,3,0,3,1,7780.29,4345.67,25820.28
Uman,2,297,1,4,4,83080.86,4,0,4,0,8946.94,3972.75,34336.18
Uman,2,297,1,1,1,52184.73,1,0,1,0,17752.2,0,45722.06
Uman,2,339,2,2,0,0,2,1,1,0,4135.7,3085.7,10806.75
Uman,2,339,2,3,3,18196.71,3,0,3,0,5210.7,3214.23,16811.61
Uman,2,339,1,7,4,52331.28,6,2,5,0,7811.31,0,37301.52
Uman,2,339,2,1,1,19918.02,1,0,1,0,599.99,89.99,11215.12
Uman,2,339,1,5,3,56451.11,3,1,4,0,9341.67,2237.08,56227.67
Uman,2,312,1,4,1,41307.06,3,0,4,0,3700.62,1619.98,22825.99
Uman,2,312,1,4,2,50747.26,2,1,3,0,7179.25,2185.71,32022.26
Uman,2,312,2,3,3,69163.02,3,0,3,0,9153.04,0,32530.76
Uman,2,312,2,6,4,110910.29,4,2,4,0,31501.15,0,84872.89
Uman,2,312,2,1,1,24211.95,1,0,1,0,2621.18,2185.7,10550.36
Uman,2,312,2,1,1,929.34,1,0,0,1,2020.62,1439.98,9490.96
Uman,2,323,2,3,2,31909.68,2,1,2,0,3450.96,0,35442.95
Uman,2,323,1,1,1,45246.11,1,0,1,0,9824.43,0,28500.49
Uman,2,323,2,2,2,87145.72,2,0,2,0,10051.09,771.42,34721.3
Uman,2,323,1,5,4,60314.86,4,0,5,0,1581.35,205.71,39687
Uman,2,323,1,4,2,34804.25,2,2,2,0,4535.64,1478.55,47076.23
Uman,4,357,2,5,2,78904.77,5,0,4,1,7328.22,5579.9,41236.19
Uman,4,357,1,1,1,79657.82,1,0,0,1,1977,0,62175.67
Uman,4,357,1,4,2,49773.9,3,1,3,0,7628.27,2879.94,29669.07
Uman,4,357,2,2,1,22368.57,2,0,2,0,7502.01,3921.37,30558.17
Uman,4,357,2,2,1,40992.27,2,0,2,0,16797.1,6917.13,40715.96
Uman,4,357,2,3,1,4964.67,1,1,2,0,962.14,257.14,8157.27
Merida,2,579,1,2,2,11450.53,2,0,2,0,0,0,32079.55
Merida,2,579,1,1,1,38215.72,1,0,1,0,2174.89,1594.25,16079.81
Merida,2,579,2,7,4,44901.68,6,1,6,0,4065.29,2468.52,34816.49
Merida,2,579,2,2,1,9685.75,2,1,1,0,14469.91,1157.12,34989.96
Merida,2,525,1,4,2,41893.98,2,2,2,0,1190.32,0,35548.7
Merida,2,525,1,8,4,88464.08,5,2,6,0,5643.87,0,53020.53
Merida,2,525,2,3,3,91409.62,3,0,3,0,1320.96,0,31638.52
Merida,2,525,1,3,1,25190.21,1,1,2,0,1524.58,1234.26,23299.91
Merida,2,525,1,7,2,27387.38,2,3,3,1,2072.8,0,43536.87
Merida,2,525,1,2,2,45268.99,2,0,2,0,1901.61,0,35465.98
Merida,2,525,2,3,3,25815.32,2,0,2,1,1936,1645.68,19401.83
Merida,2,478,2,2,1,7077.04,1,0,2,0,514.28,514.28,20605.49
Merida,2,478,2,3,0,8311.47,1,2,1,0,1086,0,44872.51
Merida,2,478,1,3,3,44448.16,3,0,3,0,3600,0,35082.4
Merida,2,478,2,4,3,30049.15,4,1,3,0,2481.4,2031.4,28303.95
Merida,2,478,1,4,2,27049.17,2,2,2,0,5119.67,0,64139.18
Merida,2,596,1,3,1,30509.11,1,0,3,0,2061.29,0,14608.08
Merida,2,596,1,5,2,31096.74,2,2,3,0,3223.22,1157.1,23402.78
Merida,2,596,1,7,3,52312.47,3,2,5,0,534.88,0,42239.02
Merida,2,596,2,2,1,33725.52,2,0,2,0,4893.08,4602.76,16721.91
Merida,2,435,1,2,1,101436.46,1,0,2,0,21416.12,0,100690.41
Merida,2,435,1,2,2,412216.34,2,0,2,0,28354.82,0,148717.42
Merida,2,435,1,6,3,270447.47,3,0,5,1,22110.59,0,94449.07
Merida,2,326,1,2,1,70835.86,2,0,2,0,19989.52,0,44713.26
Merida,2,326,2,2,2,52824.78,2,0,2,0,8121.38,4821.38,44142.91
Merida,2,326,2,5,2,39472.79,3,0,5,0,9067.74,0,39243.71
Merida,2,326,2,1,1,74363.84,1,0,1,0,5580.29,0,39901.13
Conkal,2,110,2,3,3,55687.48,3,0,3,0,1161.29,0,17609.15
Conkal,2,110,2,1,1,34972.81,1,0,1,0,6353.86,3857.1,19575.33
Conkal,2,110,1,4,1,23478.26,2,0,4,0,3861.24,1799.96,22971.11
Conkal,2,110,2,5,2,41869.53,2,0,5,0,4001.73,411.42,19028.34
Conkal,2,110,1,7,1,27184.46,2,3,3,1,290.32,0,21698.44
Conkal,2,110,2,3,2,19041.11,2,1,2,0,1800.59,951.4,19848.71
Conkal,2,110,2,1,0,0,1,0,0,1,128.57,128.57,7748.56
Conkal,2,110,1,2,2,5664.12,2,0,0,2,0,0,4213.28
Conkal,2,110,1,3,1,18293.47,2,1,2,0,1161.29,0,25698.62
Conkal,2,110,2,4,3,60309.71,4,0,4,0,10352.68,4628.5,25470.93
Conkal,2,110,1,3,1,20347.81,1,1,2,0,1671.4,1671.4,16085.83
Conkal,2,110,1,6,3,106728.24,5,0,6,0,3077.41,0,49473.14
Conkal,2,110,1,4,2,32869.55,2,1,3,0,7929.94,642.85,30696.01
Conkal,2,110,1,3,1,37663.04,1,1,2,0,9362.89,0,37606.43
Conkal,2,110,1,4,2,57986.38,3,0,2,2,4093.54,0,23213.41
Conkal,2,110,1,5,1,19956.52,2,1,4,0,1335.48,0,23359.37
Conkal,2,110,1,4,2,50869.56,4,0,2,2,1480.64,0,32741.4
Conkal,2,110,2,2,2,36616.25,2,0,2,0,1775.8,0,23609.75
Conkal,2,110,2,3,0,0,3,1,2,0,2442.84,1542.84,16205.26
Conkal,2,110,1,4,3,46622.92,3,0,4,0,7328.54,7328.54,30635.31
Conkal,2,110,1,1,1,26065.55,1,0,1,0,861.42,861.42,28235.75
Conkal,2,110,2,4,1,56803.26,2,2,2,0,1920,0,42883.73
Conkal,2,110,1,1,1,4180.32,1,0,1,0,0,0,6928.34
Merida,2,89,2,6,3,36971.1,3,2,4,0,4453.44,835.69,20721.34
Merida,2,89,1,6,2,41569.04,2,1,5,0,9942.13,3085.68,64031.33
Merida,2,89,1,5,1,8950.27,2,2,2,1,1233.14,0,31528.67
Merida,2,89,1,3,2,37571.25,3,0,3,0,2447,385.71,29502.98
Merida,2,89,1,3,2,8045.29,2,0,2,1,1125.52,578.56,11438.87
Merida,2,89,1,1,1,29347.82,1,0,1,0,3998.87,0,30340.72
Merida,2,89,1,2,2,20494.54,2,0,2,0,290.32,0,14405.25
Merida,2,89,1,6,2,40182.04,2,1,5,0,2225.49,977.11,23625.21
Merida,2,89,1,3,2,961.62,3,0,1,2,1873.8,1002.84,14032.73
Merida,2,89,2,4,2,73467.38,4,2,2,0,5600.48,0,34898.25
Merida,2,89,2,3,2,37023.56,3,0,3,0,8228.45,5528.45,29556.63
Merida,2,89,1,6,3,46299.71,6,2,4,0,12441.81,1157.1,33882.35
Merida,2,89,1,2,2,73067.89,2,0,2,0,12888.51,1234.26,41383.93
Merida,2,89,1,1,1,3327.04,1,0,0,1,0,0,10549.71
Merida,2,89,2,1,0,0,1,0,0,1,0,0,2183.06
Merida,2,89,1,2,2,20343.91,2,0,2,0,2443.67,411.42,21125.04
Merida,2,89,2,2,1,6984.78,2,0,1,1,145.16,0,10496.91
Merida,2,89,1,4,2,33554.34,2,2,2,0,6784.96,2571.4,25108.31
Merida,2,89,1,3,2,75191.91,2,0,3,0,11616.47,2057.12,47387.39
Merida,2,89,1,3,1,16038.57,2,2,1,0,63.58,0,12606.38
Kanasin,2,114,1,4,2,26217.37,3,1,3,0,3338.7,0,21440.77
Kanasin,2,114,1,5,1,26168.47,1,3,2,0,2032.25,0,13513.79
Kanasin,2,114,1,2,1,29641.29,1,0,2,0,8637.43,7514.95,30508.77
Kanasin,2,114,1,4,1,26090.2,2,2,2,0,0,0,17333.93
Kanasin,2,114,1,7,5,78033.38,4,1,6,0,16197.31,5142.8,53113.19
Kanasin,2,114,1,2,0,0,2,0,2,0,0,0,24265.97
Kanasin,2,114,1,1,0,10565.21,1,0,1,0,2732.81,0,11585.93
Kanasin,2,114,1,4,2,39463.02,3,1,3,0,4226.19,3471.36,36919.78
Kanasin,2,114,1,4,1,38396.73,2,2,2,0,2130.07,0,32401.4
Kanasin,2,114,1,4,1,29802.69,2,2,2,0,3204.92,1131.42,27714.98
Kanasin,2,114,1,3,2,28415.41,2,1,2,0,600,0,25677.01
Kanasin,2,114,2,5,1,6639.34,5,2,2,1,3416.56,1028.56,23303.28
Kanasin,2,114,2,7,3,71038,4,1,6,0,17762.45,1542.84,70221.02
Kanasin,2,114,2,6,1,15344.26,1,2,4,0,0,0,9625.1
Kanasin,2,114,2,6,3,77919.12,5,2,4,0,5706.07,642.85,55770.75
Kanasin,2,114,2,7,3,61777.15,4,3,4,0,9464.85,6428.56,44323.44
Kanasin,2,114,2,3,2,33630.43,2,0,3,0,15566.95,0,44208.16
Kanasin,2,114,1,6,3,80633.12,4,1,5,0,4424.87,539.97,38915.88
Kanasin,2,114,1,2,2,12785.84,2,0,1,1,0,0,4702.42
Merida,2,114,1,5,3,101829.81,4,1,4,0,8730.85,1414.27,77568.59
Merida,2,114,1,8,6,113485.8,7,2,6,0,16869.75,2648.53,67939.58
Merida,2,114,1,4,1,55292.81,3,1,3,0,19763.36,642.85,68094.73
Merida,2,114,1,9,5,92752.5,6,2,7,0,11486.84,3227.12,81780.15
Merida,2,114,1,5,4,64863.8,4,0,5,0,21338.81,8935.61,85179.08
Merida,2,114,1,6,2,45611.39,4,0,4,2,10138.39,7264.2,51531.9
Merida,2,114,1,1,1,26608.68,1,0,1,0,2912.9,0,15104.58
Merida,2,114,1,3,2,18684.77,3,0,3,0,7831.53,1118.56,25575.82
Merida,2,114,2,4,2,30619.56,2,2,2,0,3194.9,2314.26,25602.61
Merida,2,114,1,5,1,15856.63,3,2,2,1,4047.78,0,52643.14
Merida,2,114,1,2,1,22278.67,1,0,2,0,2400,0,20165.45
Merida,2,114,1,4,2,39836.05,3,0,4,0,4851.41,1851.41,25986.84
Merida,2,114,1,3,2,38214.67,2,1,2,0,4526.77,0,24359.24
Merida,2,114,1,7,5,99831.47,6,2,5,0,7878.45,192.85,52397.52
Merida,2,114,1,4,3,105063.6,4,0,4,0,5022.75,1799.96,46143.31
Merida,2,114,1,3,2,21840.65,3,0,3,0,5926.73,3021.38,36936.03
Merida,2,114,1,4,4,76521.75,4,0,2,2,11680.44,4178.5,38586
Merida,2,111,2,5,2,43110.47,3,2,3,0,600,0,28295.44
Merida,2,111,1,8,4,43565.94,4,2,4,2,2514.46,462.85,17930.07
Merida,2,111,1,5,1,21704.39,2,3,2,0,47950.66,0,74533.16
Merida,2,111,1,4,2,19684.49,2,0,4,0,3435.99,2095.67,11157.94
Merida,2,111,2,1,0,0,1,0,1,0,496.02,205.7,15818.06
Merida,2,111,1,2,2,2361.87,2,0,0,2,0,0,13003.25
Merida,2,111,1,4,4,61244.99,4,0,4,0,11000.02,8948.41,44275.18
Merida,2,111,1,5,2,17657.6,2,3,2,0,2280.24,1902.83,39723.39
Merida,2,111,1,1,0,0,1,0,0,1,0,0,5988.48
Merida,2,111,1,3,2,17755.41,2,1,2,0,725.8,0,19856.58
Merida,2,111,1,4,2,13719.6,2,2,2,0,1379.45,0,16978.19
Merida,2,111,1,5,1,0,1,0,5,0,16960.93,0,136929.62
Merida,2,111,1,3,3,28686.86,2,0,3,0,4418.53,2468.53,20746.3
Merida,2,111,1,5,3,60336.42,4,0,4,1,2284.26,1234.26,26297.69
Merida,2,111,1,8,4,79662.25,4,2,6,0,9029.94,2879.94,46619.14
Merida,2,111,1,1,0,0,1,0,1,0,12715.56,0,57318.85
Merida,2,111,1,6,3,14801.29,4,0,5,1,5541.38,2931.38,44393
Merida,2,111,1,5,4,73137.12,4,1,4,0,10418.52,2468.52,38487.65
Merida,2,111,1,4,4,99185.23,3,0,4,0,13984.27,3034.27,60930.77
Merida,2,111,1,3,2,28861.78,3,0,3,0,2081.97,1439.97,12747.21
Merida,2,111,1,4,2,30944.63,2,2,2,0,3492.85,2532.85,25280.84
Merida,2,111,1,4,1,39528.32,1,2,2,0,3244.26,1234.26,24312.71
Merida,2,111,2,4,2,31919.42,2,0,4,0,3212.97,1439.97,31610.11
Merida,2,110,2,2,1,1824.45,2,0,1,1,2860.64,0,37615.44
Merida,2,110,2,4,2,40915.75,2,1,3,0,7025.79,0,39822.2
Merida,2,110,1,2,2,45342.38,2,0,2,0,1892.06,411.42,23367.28
Merida,2,110,1,8,4,69432.03,6,3,5,0,8290.16,0,46859.45
Merida,2,110,1,6,4,86111.37,6,0,5,1,14128.33,192.85,48655.52
Merida,2,110,2,4,3,71409.39,4,0,4,0,14653.22,9192.75,47705.41
Merida,2,110,2,3,3,56486.79,3,0,3,0,10881.21,8819.92,39748.84
Merida,2,110,1,3,3,32552.01,3,0,3,0,1932.84,732.84,22781.35
Merida,2,110,1,9,6,92978.72,7,2,6,1,115423.56,591.42,178921.89
Merida,2,110,2,2,2,31421.33,2,0,2,0,435.48,0,21458.77
Merida,2,110,1,1,1,21032.6,1,0,1,0,3977.66,0,35040.3
Merida,2,110,1,1,1,25645.64,1,0,1,0,2758.06,0,17734.63
Merida,2,110,2,6,2,53339.66,2,4,2,0,5640.54,1285.71,39130.8
Merida,2,110,2,4,2,68407.3,2,0,4,0,9038.7,0,38177.2
Merida,2,110,1,2,0,0,2,0,0,2,991.23,642.85,7731.83
Merida,2,110,1,4,3,33991.57,4,0,4,0,5906.61,4885.65,43040.84
Merida,2,110,1,4,2,27147.51,2,2,2,0,3673.77,0,29549.49
Merida,2,110,1,2,1,6049.18,2,0,2,0,5820,0,29522.35
Merida,2,110,1,5,1,34770.49,1,3,2,0,2507.12,1607.12,29663.6
Merida,2,110,1,7,4,59286.84,5,2,5,0,4315.48,1067.12,59779.7
Merida,2,110,1,1,1,17704.91,1,0,1,0,2828.56,2828.56,16121.4
Merida,2,110,1,3,1,53040.95,3,1,2,0,1200,0,21859.63
Merida,1,96,1,10,6,150569.95,7,3,7,0,4455.42,2879.94,57422.75
Merida,1,96,1,6,2,23801.08,3,1,5,0,3171.32,1645.68,22444.71
Merida,1,96,1,6,3,51945.63,4,1,5,0,3620.26,1979.94,22199.17
Merida,1,96,1,4,1,21717.37,2,1,3,0,2758.84,2468.52,24436.9
Merida,1,96,1,1,1,22891.3,1,0,1,0,2584.64,2468.52,13017.83
Merida,1,96,1,3,1,11445.65,3,0,1,2,411.42,411.42,10977.61
Merida,1,96,1,5,2,42131.54,5,0,2,3,2059.19,1028.55,28349.28
Merida,1,96,1,6,5,81218.66,6,0,6,0,6796.67,2262.81,47696.48
Merida,1,96,1,5,1,19565.21,2,2,3,0,2051.61,0,31750.27
Merida,1,96,1,2,1,41673.89,2,0,2,0,1028.55,1028.55,36701.07
Merida,1,96,1,6,4,59135.85,4,0,6,0,11556.03,8614.1,68949.23
Merida,1,96,1,3,2,32576.06,2,1,2,0,5122.03,822.84,28870.75
Merida,1,96,1,5,1,30489.22,2,3,2,0,3805.71,205.71,32923.66
Merida,1,96,1,4,2,27491.02,2,2,2,0,4157.11,0,20436.24
Merida,1,96,2,4,3,39599.97,3,0,3,1,4722.34,4525.62,31712.01
Merida,1,96,1,4,3,38054.17,4,0,2,2,2957.1,2057.1,39758.86
Merida,1,96,1,1,0,0,1,0,0,1,10120.95,604.27,22155.84
Merida,1,96,1,3,1,16713.58,2,0,2,1,2032.25,0,16139.71
Merida,1,96,1,4,2,56479.87,3,1,3,0,7113.67,2468.52,46235.93
Merida,1,96,1,3,2,49051.35,2,1,2,0,35270.18,0,56314.82
Merida,1,96,1,1,1,11665.75,1,0,1,0,676.03,385.71,30642.58
Merida,1,132,1,2,1,19516.56,1,0,2,0,347.14,347.14,17598.53
Merida,1,132,1,3,2,34458.53,1,1,2,0,4720.48,1028.56,28491.92
Merida,1,132,1,1,1,18546.95,1,0,1,0,755.86,610.7,21403.78
Merida,1,132,1,2,1,19076.08,2,0,2,0,3774.15,3599.96,19643.96
Merida,1,132,1,6,3,58074.43,4,1,4,1,2507.09,2507.09,27780.61
Merida,1,132,2,4,4,66898.86,4,0,4,0,6806.14,5464.25,17296.86
Merida,1,132,1,3,1,17804.34,1,1,2,0,4266.32,3085.68,15689.89
Merida,1,132,1,10,9,114504.62,10,0,8,2,14488.67,8537.06,46025.07
Merida,1,132,1,3,2,36273.17,2,0,3,0,4020.77,2738.52,28379.66
Merida,1,132,1,2,1,3960.49,2,0,0,2,1157.13,1157.13,14100.26
Merida,1,132,1,4,2,40032.76,3,1,3,0,4760.29,1285.7,51256.7
Merida,1,132,2,3,1,15833.93,2,0,3,0,11624.91,11024.91,30820.96
Merida,1,132,1,2,2,24992.72,2,0,2,0,7416.36,6216.36,32023.68
Merida,1,132,1,4,1,36393.42,3,2,2,0,8279.41,1517.13,31153.81
Merida,1,132,2,2,1,39344.26,1,0,2,0,9064.25,5464.25,31535.08
Merida,1,132,1,3,1,42049.16,1,1,2,0,1950,0,32425.68
Merida,1,132,1,3,1,35409.83,1,1,2,0,5100,0,24805.25
Merida,1,132,1,3,1,19180.32,2,0,3,0,4396.72,0,15139.5
Merida,1,132,1,4,1,23655.46,2,2,2,0,1800,0,15381.68
Merida,1,132,1,3,3,39540.96,3,0,3,0,4885.68,3085.68,26500.1
